id,name,team_id,position,games_played,field_goals_made,field_goals_attempted,field_goals_percentage,rebounds,assists,steals,blocks,points,turnovers,efficiency
1,Shai Gilgeous-Alexander,OKC,PG,76.0,11.3,21.8,0.519,5.0,6.4,1.7,1.0,32.7,2.4,30.7
2,Giannis Antetokounmpo,MIL,PF,67.0,11.8,19.7,0.601,11.9,6.5,0.9,1.2,30.4,3.1,30.5
3,Nikola Jokić,DEN,C,70.0,11.2,19.5,0.576,12.7,10.2,1.8,0.6,29.6,3.3,32.0
4,Luka Dončić,multi_team,PG,50.0,9.2,20.5,0.45,8.2,7.7,1.8,0.4,28.2,3.6,24.1
5,Luka Dončić,DAL,PG,22.0,9.8,21.2,0.464,8.3,7.8,2.0,0.4,28.1,3.4,24.1
6,Luka Dončić,LAL,PG,28.0,8.8,20.0,0.438,8.1,7.5,1.6,0.4,28.2,3.7,24.1
7,Anthony Edwards,MIN,SG,79.0,9.1,20.4,0.447,5.7,4.5,1.2,0.6,27.6,3.2,20.1
8,Jayson Tatum,BOS,PF,72.0,9.2,20.3,0.452,8.7,6.0,1.1,0.5,26.8,2.9,21.7
9,Kevin Durant,PHO,PF,62.0,9.5,18.1,0.527,6.0,4.2,0.8,1.2,26.6,3.1,21.2
10,Tyrese Maxey,PHI,PG,52.0,9.2,21.0,0.437,3.3,6.1,1.8,0.4,26.3,2.4,19.5
11,Cade Cunningham,DET,PG,70.0,9.8,20.8,0.469,6.1,9.1,1.0,0.8,26.1,4.4,20.6
12,Jalen Brunson,NYK,PG,65.0,9.0,18.5,0.488,2.9,7.3,0.9,0.1,26.0,2.5,21.6
13,Paolo Banchero,ORL,PF,46.0,9.0,19.8,0.452,7.5,4.8,0.8,0.6,25.9,3.0,20.0
14,Devin Booker,PHO,SG,75.0,8.7,18.9,0.461,4.1,7.1,0.9,0.2,25.6,2.9,19.3
15,LaMelo Ball,CHO,PG,47.0,8.6,21.3,0.405,4.9,7.4,1.1,0.3,25.2,3.6,19.1
16,Damian Lillard,MIL,PG,58.0,7.7,17.1,0.448,4.7,7.1,1.2,0.2,24.9,2.8,21.3
17,Anthony Davis,multi_team,PF,51.0,9.2,17.8,0.516,11.6,3.5,1.2,2.2,24.7,2.2,26.3
18,Anthony Davis,LAL,C,42.0,9.5,18.0,0.528,11.9,3.4,1.3,2.1,25.7,2.2,26.3
19,Anthony Davis,DAL,PF,9.0,7.8,16.9,0.461,10.1,4.4,0.6,2.2,20.0,2.2,26.3
20,Kyrie Irving,DAL,SG,50.0,8.9,18.9,0.473,4.8,4.6,1.3,0.5,24.7,2.2,19.9
21,Zion Williamson,NOP,PF,30.0,9.6,16.9,0.567,7.2,5.3,1.2,0.9,24.6,3.0,27.3
22,Stephen Curry,GSW,PG,70.0,8.1,18.0,0.448,4.4,6.0,1.1,0.4,24.5,2.9,21.5
23,LeBron James,LAL,SF,70.0,9.3,18.1,0.513,7.8,8.2,1.0,0.6,24.4,3.7,22.7
24,Karl-Anthony Towns,NYK,C,72.0,8.9,16.9,0.526,12.8,3.1,1.0,0.7,24.4,2.7,23.4
25,Victor Wembanyama,SAS,C,46.0,8.9,18.6,0.476,11.0,3.7,1.1,3.8,24.3,3.2,24.2
26,Franz Wagner,ORL,SF,60.0,9.0,19.4,0.463,5.7,4.7,1.3,0.4,24.2,2.3,20.1
27,Trae Young,ATL,PG,76.0,7.4,18.1,0.411,3.1,11.6,1.2,0.2,24.2,4.7,18.3
28,Donovan Mitchell,CLE,SG,71.0,8.2,18.6,0.443,4.5,5.0,1.3,0.2,24.0,2.1,20.9
29,Cam Thomas,BRK,SG,25.0,8.0,18.2,0.438,3.3,3.8,0.6,0.1,24.0,2.5,18.0
30,Tyler Herro,MIA,SG,77.0,8.5,17.9,0.472,5.2,5.5,0.9,0.2,23.9,2.6,19.7
31,Joel Embiid,PHI,C,19.0,7.4,16.6,0.444,8.2,4.5,0.7,0.9,23.8,3.3,23.4
32,De'Aaron Fox,multi_team,PG,62.0,8.7,18.8,0.463,4.8,6.3,1.5,0.4,23.5,2.8,18.3
33,De'Aaron Fox,SAC,PG,45.0,9.2,19.6,0.469,5.0,6.1,1.5,0.4,25.0,3.0,18.3
34,De'Aaron Fox,SAS,PG,17.0,7.4,16.5,0.446,4.3,6.8,1.5,0.3,19.7,2.4,18.3
35,Zach LaVine,multi_team,SF,74.0,8.4,16.5,0.511,4.3,4.2,0.8,0.2,23.3,2.8,17.3
36,Zach LaVine,CHI,SF,42.0,8.6,16.9,0.511,4.8,4.5,0.9,0.2,24.0,2.9,17.3
37,Zach LaVine,SAC,SG,32.0,8.2,16.0,0.511,3.5,3.8,0.6,0.1,22.4,2.7,17.3
38,Ja Morant,MEM,PG,50.0,8.1,17.8,0.454,4.1,7.3,1.2,0.2,23.2,3.7,19.3
39,James Harden,LAC,PG,79.0,6.7,16.4,0.41,5.8,8.7,1.5,0.7,22.8,4.3,20.0
40,Jaylen Brown,BOS,SF,63.0,8.2,17.7,0.463,5.8,4.5,1.2,0.3,22.2,2.6,17.8
41,DeMar DeRozan,SAC,SF,77.0,8.1,17.0,0.477,3.9,4.4,0.8,0.4,22.2,1.4,17.7
42,Brandon Ingram,NOP,SF,18.0,8.6,18.5,0.465,5.6,5.2,0.9,0.6,22.2,3.8,16.0
43,Jaren Jackson Jr.,MEM,C,74.0,8.0,16.4,0.488,5.6,2.0,1.2,1.5,22.2,2.1,19.6
44,Norman Powell,LAC,SG,60.0,7.6,15.8,0.484,3.2,2.1,1.2,0.2,21.8,1.8,17.5
45,Jalen Williams,OKC,SG,69.0,8.2,16.9,0.484,5.3,5.1,1.6,0.7,21.6,2.2,20.3
46,Kawhi Leonard,LAC,SF,37.0,8.4,16.8,0.498,5.9,3.1,1.6,0.5,21.5,1.9,20.5
47,Jamal Murray,DEN,PG,67.0,7.9,16.7,0.474,3.9,6.0,1.4,0.5,21.4,2.1,17.8
48,Trey Murphy III,NOP,SF,53.0,7.2,15.8,0.454,5.1,3.5,1.1,0.7,21.2,1.9,17.3
49,RJ Barrett,TOR,SF,58.0,7.9,16.9,0.468,6.3,5.4,0.8,0.3,21.1,2.8,16.5
50,CJ McCollum,NOP,PG,56.0,7.9,17.9,0.444,3.8,4.1,0.8,0.4,21.1,1.9,15.8
51,Jalen Green,HOU,SG,82.0,7.4,17.5,0.423,4.6,3.4,0.9,0.3,21.0,2.5,15.1
52,Brandon Miller,CHO,SF,27.0,7.3,18.2,0.403,4.9,3.6,1.1,0.7,21.0,2.8,14.0
53,Darius Garland,CLE,PG,75.0,7.4,15.7,0.472,2.9,6.7,1.2,0.1,20.6,2.5,19.9
54,Jordan Poole,WAS,SG,68.0,6.7,15.5,0.432,3.0,4.5,1.3,0.4,20.5,3.0,16.6
55,Coby White,CHI,SG,74.0,6.9,15.1,0.453,3.7,4.5,0.9,0.2,20.4,2.4,15.5
56,Miles Bridges,CHO,PF,64.0,7.3,17.0,0.431,7.5,3.9,0.7,0.7,20.3,2.1,17.7
57,Austin Reaves,LAL,SG,73.0,6.5,14.2,0.46,4.5,5.8,1.1,0.3,20.2,2.4,18.1
58,Pascal Siakam,IND,PF,78.0,7.9,15.2,0.519,6.9,3.4,0.9,0.5,20.2,1.4,19.2
59,Kristaps Porziņģis,BOS,C,42.0,6.6,13.7,0.483,6.8,2.1,0.7,1.5,19.5,1.3,22.3
60,Scottie Barnes,TOR,PF,65.0,7.3,16.4,0.446,7.7,5.8,1.4,1.0,19.3,2.8,17.8
61,Anfernee Simons,POR,SG,70.0,6.8,16.1,0.426,2.7,4.8,0.9,0.1,19.3,2.0,14.9
62,Desmond Bane,MEM,SG,69.0,7.1,14.8,0.484,6.1,5.3,1.2,0.4,19.2,2.4,17.9
63,Domantas Sabonis,SAC,C,70.0,7.5,12.8,0.59,13.9,6.0,0.7,0.4,19.1,2.9,22.9
64,Alperen Şengün,HOU,C,76.0,7.5,15.0,0.496,10.3,4.9,1.1,0.8,19.1,2.6,21.4
65,John Collins,UTA,PF,40.0,7.0,13.3,0.527,8.2,2.0,1.0,1.0,19.0,2.6,19.0
66,Lauri Markkanen,UTA,PF,47.0,6.3,14.9,0.423,5.9,1.5,0.7,0.4,19.0,1.4,15.6
67,Jalen Johnson,ATL,SF,36.0,7.5,15.1,0.5,10.0,5.0,1.6,1.0,18.9,2.9,17.3
68,Cameron Johnson,BRK,PF,57.0,6.2,13.1,0.475,4.3,3.4,0.9,0.4,18.8,1.7,18.2
69,Julius Randle,MIN,PF,69.0,6.6,13.6,0.485,7.1,4.7,0.7,0.2,18.7,2.8,17.5
70,Tyrese Haliburton,IND,PG,73.0,6.5,13.8,0.473,3.5,9.2,1.4,0.7,18.6,1.6,21.8
71,Evan Mobley,CLE,PF,71.0,7.1,12.8,0.557,9.3,3.2,0.9,1.6,18.5,2.0,22.3
72,Shaedon Sharpe,POR,SG,72.0,6.9,15.3,0.452,4.5,2.8,0.9,0.2,18.5,2.1,14.5
73,Nikola Vučević,CHI,C,73.0,7.5,14.2,0.53,10.1,3.5,0.8,0.7,18.5,1.6,20.3
74,Collin Sexton,UTA,SG,63.0,6.6,13.8,0.48,2.7,4.2,0.7,0.1,18.4,2.5,16.6
75,Michael Porter Jr.,DEN,SF,77.0,6.9,13.6,0.504,7.0,2.1,0.6,0.5,18.2,1.4,16.2
76,Bam Adebayo,MIA,C,78.0,6.9,14.3,0.485,9.6,4.3,1.3,0.7,18.1,2.1,18.9
77,Andrew Wiggins,multi_team,SF,60.0,6.3,14.0,0.448,4.5,2.6,1.0,0.8,18.0,1.7,16.4
78,Andrew Wiggins,GSW,SF,43.0,6.1,13.7,0.444,4.6,2.4,0.9,0.8,17.6,1.3,16.4
79,Andrew Wiggins,MIA,SF,17.0,6.8,14.8,0.458,4.2,3.3,1.2,1.0,19.0,2.5,16.4
80,OG Anunoby,NYK,PF,74.0,6.6,13.9,0.476,4.8,2.2,1.5,0.9,18.0,1.4,15.4
81,Mikal Bridges,NYK,SF,82.0,7.2,14.4,0.5,3.2,3.7,0.9,0.5,17.6,1.6,14.0
82,Jaden Ivey,DET,SG,30.0,6.3,13.8,0.46,4.1,4.0,0.9,0.4,17.6,3.0,14.7
83,Jimmy Butler,multi_team,SF,55.0,5.5,10.9,0.504,5.4,5.4,1.4,0.3,17.5,1.3,22.4
84,Jimmy Butler,MIA,PF,25.0,5.7,10.5,0.54,5.2,4.8,1.1,0.4,17.0,1.2,22.4
85,Jimmy Butler,GSW,SF,30.0,5.3,11.1,0.476,5.5,5.9,1.7,0.3,17.9,1.5,22.4
86,Dejounte Murray,NOP,PG,31.0,6.3,15.9,0.393,6.5,7.4,2.0,0.4,17.5,3.4,15.4
87,Malik Monk,SAC,SG,65.0,6.3,14.4,0.439,3.8,5.6,0.9,0.6,17.2,2.4,15.0
88,Immanuel Quickley,TOR,PG,33.0,5.6,13.3,0.42,3.5,5.8,0.7,0.1,17.1,1.8,17.5
89,De'Andre Hunter,multi_team,SF,64.0,5.6,11.9,0.47,4.0,1.4,0.8,0.2,17.0,1.3,15.9
90,De'Andre Hunter,ATL,SF,37.0,6.1,13.3,0.461,3.9,1.5,0.8,0.1,19.0,1.6,15.9
91,De'Andre Hunter,CLE,SF,27.0,4.9,10.0,0.485,4.2,1.3,0.7,0.3,14.3,0.9,15.9
92,Bradley Beal,PHO,SG,53.0,6.5,13.1,0.497,3.3,3.7,1.1,0.5,17.0,1.9,15.2
93,Deni Avdija,POR,SF,72.0,5.6,11.7,0.476,7.3,3.9,1.0,0.5,16.9,2.7,17.7
94,Keyonte George,UTA,PG,67.0,5.4,13.7,0.391,3.8,5.6,0.7,0.1,16.8,2.7,12.9
95,Ivica Zubac,LAC,C,80.0,7.4,11.8,0.628,12.6,2.7,0.7,1.1,16.8,1.6,22.3
96,Derrick White,BOS,SG,76.0,5.6,12.6,0.442,4.5,4.8,0.9,1.1,16.4,1.7,16.6
97,Malik Beasley,DET,SG,82.0,5.6,13.1,0.43,2.6,1.7,0.9,0.1,16.3,1.0,14.4
98,Devin Vassell,SAS,SG,64.0,6.2,13.9,0.443,4.0,2.9,1.3,0.5,16.3,1.4,14.2
99,Jordan Clarkson,UTA,SG,37.0,5.4,13.3,0.408,3.2,3.7,0.8,0.2,16.2,2.3,14.5
100,Paul George,PHI,PF,41.0,6.0,13.9,0.43,5.3,4.3,1.8,0.5,16.2,2.6,14.5
101,Jalen Suggs,ORL,PG,35.0,5.6,13.7,0.41,4.0,3.7,1.5,0.9,16.2,2.9,14.4
102,Bennedict Mathurin,IND,SF,72.0,5.4,11.8,0.458,5.3,1.9,0.7,0.3,16.1,1.9,13.6
103,Myles Turner,IND,C,72.0,5.4,11.3,0.481,6.5,1.5,0.8,2.0,15.6,1.7,16.1
104,Christian Braun,DEN,SG,79.0,6.0,10.4,0.58,5.2,2.6,1.1,0.5,15.4,1.0,16.0
105,Jonathan Kuminga,GSW,PF,47.0,5.5,12.1,0.454,4.6,2.2,0.8,0.4,15.3,1.5,15.7
106,Jared McCain,PHI,SG,23.0,5.5,11.9,0.46,2.4,2.6,0.7,0.0,15.3,1.6,15.2
107,Mark Williams,CHO,C,44.0,6.1,10.2,0.604,10.2,2.5,0.7,1.2,15.3,1.6,23.9
108,Kelly Oubre Jr.,PHI,SF,60.0,5.8,12.4,0.47,6.1,1.8,1.5,0.5,15.1,1.3,13.5
109,Chet Holmgren,OKC,C,32.0,5.2,10.7,0.49,8.0,2.0,0.7,2.2,15.0,1.8,19.2
110,Kyle Kuzma,multi_team,PF,65.0,5.7,13.0,0.436,5.7,2.3,0.6,0.3,14.8,2.2,10.6
111,Kyle Kuzma,WAS,PF,32.0,6.0,14.2,0.42,5.8,2.5,0.6,0.2,15.2,2.3,10.6
112,Kyle Kuzma,MIL,PF,33.0,5.4,11.9,0.455,5.6,2.2,0.5,0.4,14.5,2.2,10.6
113,Stephon Castle,SAS,PG,81.0,5.2,12.2,0.428,3.7,4.1,0.9,0.3,14.7,2.2,13.7
114,Aaron Gordon,DEN,PF,51.0,5.2,9.7,0.531,4.8,3.2,0.5,0.3,14.7,1.4,17.0
115,P.J. Washington,DAL,PF,57.0,5.3,11.7,0.453,7.8,2.3,1.1,1.1,14.7,2.1,14.0
116,Quentin Grimes,multi_team,SG,75.0,5.1,11.0,0.467,4.3,3.0,1.0,0.3,14.6,1.9,15.9
117,Quentin Grimes,DAL,SG,47.0,3.6,7.8,0.463,3.8,2.1,0.7,0.2,10.2,1.3,15.9
118,Quentin Grimes,PHI,SG,28.0,7.7,16.4,0.469,5.2,4.5,1.5,0.4,21.9,2.9,15.9
119,Josh Giddey,CHI,PG,70.0,5.3,11.4,0.465,8.1,7.2,1.2,0.6,14.6,2.9,18.1
120,Jakob Poeltl,TOR,C,57.0,6.4,10.2,0.627,9.6,2.8,1.2,1.2,14.5,1.9,20.0
121,Deandre Ayton,POR,C,40.0,6.6,11.7,0.566,10.2,1.6,0.8,1.0,14.4,1.7,17.7
122,Gradey Dick,TOR,SG,54.0,4.9,12.0,0.41,3.6,1.8,0.9,0.2,14.4,1.5,10.9
123,Jerami Grant,POR,PF,47.0,4.6,12.2,0.373,3.5,2.1,0.9,1.0,14.4,1.4,10.9
124,Payton Pritchard,BOS,PG,80.0,5.1,10.8,0.472,3.8,3.5,0.9,0.2,14.3,1.0,17.6
125,Naz Reid,MIN,C,80.0,5.3,11.5,0.462,6.0,2.3,0.7,0.9,14.2,1.4,15.8
126,Dyson Daniels,ATL,SG,76.0,6.0,12.1,0.493,5.9,4.4,3.0,0.7,14.1,2.0,15.6
127,Tre Mann,CHO,PG,13.0,5.4,12.4,0.435,2.9,3.0,0.5,0.3,14.1,1.9,13.3
128,Amen Thompson,HOU,SF,69.0,5.6,10.1,0.557,8.2,3.8,1.4,1.3,14.1,2.0,18.7
129,Fred VanVleet,HOU,PG,60.0,4.8,12.7,0.378,3.7,5.6,1.6,0.4,14.1,1.5,12.8
130,Dillon Brooks,HOU,SF,75.0,5.1,11.9,0.429,3.7,1.7,0.8,0.2,14.0,1.0,11.0
131,Tolu Smith,DET,PF,1.0,6.0,9.0,0.667,8.0,0.0,0.0,0.0,14.0,2.0,19.5
132,Klay Thompson,DAL,SF,72.0,5.0,12.2,0.412,3.4,2.0,0.7,0.4,14.0,1.2,12.9
133,Bobby Portis,MIL,PF,49.0,5.7,12.1,0.466,8.4,2.1,0.7,0.5,13.9,1.2,17.7
134,Tobias Harris,DET,PF,73.0,5.3,11.0,0.477,5.9,2.2,1.0,0.8,13.7,1.2,13.9
135,Josh Hart,NYK,SG,77.0,5.2,10.0,0.525,9.6,5.9,1.5,0.4,13.6,2.1,16.5
136,Jarrett Allen,CLE,C,82.0,5.5,7.8,0.706,9.7,1.9,0.9,0.9,13.5,1.2,22.1
137,Onyeka Okongwu,ATL,C,74.0,5.2,9.2,0.567,8.9,2.3,0.9,0.9,13.4,1.2,19.0
138,Russell Westbrook,DEN,PG,75.0,5.0,11.1,0.449,4.9,6.1,1.4,0.5,13.3,3.2,14.3
139,Naji Marshall,DAL,SF,69.0,5.2,10.3,0.508,4.8,3.0,1.0,0.2,13.2,1.6,15.1
140,Dennis Schröder,multi_team,PG,75.0,4.5,11.0,0.406,2.6,5.4,0.9,0.2,13.1,1.9,12.7
141,Dennis Schröder,BRK,PG,23.0,6.4,14.1,0.452,3.0,6.6,1.1,0.2,18.4,2.6,12.7
142,Dennis Schröder,GSW,SG,24.0,3.9,10.5,0.375,2.3,4.4,1.0,0.1,10.6,2.0,12.7
143,Dennis Schröder,DET,PG,28.0,3.4,9.0,0.378,2.6,5.3,0.5,0.2,10.8,1.3,12.7
144,Rui Hachimura,LAL,PF,59.0,5.0,9.8,0.509,5.0,1.4,0.8,0.4,13.1,0.8,13.6
145,Brook Lopez,MIL,C,80.0,4.9,9.7,0.509,5.0,1.8,0.6,1.9,13.0,1.1,14.8
146,Alex Sarr,WAS,C,67.0,4.9,12.4,0.394,6.5,2.4,0.7,1.5,13.0,1.7,12.9
147,Moritz Wagner,ORL,C,30.0,4.7,8.3,0.562,4.9,1.4,0.8,0.4,12.9,1.6,22.3
148,Malcolm Brogdon,WAS,PG,24.0,4.3,10.0,0.433,3.8,4.1,0.5,0.2,12.7,1.6,15.8
149,Scoot Henderson,POR,PG,66.0,4.3,10.4,0.419,3.0,5.1,1.0,0.2,12.7,2.7,12.5
150,Keldon Johnson,SAS,SF,77.0,4.8,10.0,0.482,4.8,1.6,0.6,0.3,12.7,1.0,15.6
151,D'Angelo Russell,multi_team,PG,58.0,4.3,11.0,0.39,2.8,5.1,1.0,0.4,12.6,1.9,14.0
152,D'Angelo Russell,LAL,PG,29.0,4.4,10.7,0.415,2.8,4.7,0.8,0.1,12.4,1.7,14.0
153,D'Angelo Russell,BRK,PG,29.0,4.1,11.3,0.367,2.8,5.6,1.1,0.7,12.9,2.0,14.0
154,Zaccharie Risacher,ATL,SF,75.0,4.8,10.4,0.458,3.6,1.2,0.7,0.5,12.6,1.2,12.2
155,Santi Aldama,MEM,PF,65.0,4.8,10.0,0.483,6.4,2.9,0.8,0.4,12.5,1.1,16.8
156,Ty Jerome,CLE,SG,70.0,4.6,8.8,0.516,2.5,3.4,1.1,0.0,12.5,1.3,21.0
157,Keegan Murray,SAC,PF,76.0,4.8,10.8,0.444,6.7,1.4,0.8,0.9,12.4,0.8,12.0
158,Lonnie Walker IV,PHI,SG,20.0,4.5,10.6,0.42,3.2,2.5,0.5,0.3,12.4,1.3,13.1
159,Harrison Barnes,SAS,PF,82.0,4.2,8.3,0.508,3.8,1.7,0.5,0.2,12.3,0.6,14.9
160,Bilal Coulibaly,WAS,SF,59.0,4.5,10.6,0.421,5.0,3.4,1.3,0.7,12.3,2.1,10.8
161,Ayo Dosunmu,CHI,SG,46.0,4.8,9.8,0.492,3.5,4.5,0.9,0.4,12.3,1.5,12.8
162,Daniel Gafford,DAL,C,57.0,5.0,7.1,0.702,6.8,1.4,0.4,1.8,12.3,1.2,24.7
163,Jaden McDaniels,MIN,PF,82.0,4.9,10.2,0.477,5.7,2.0,1.3,0.9,12.2,1.2,13.3
164,Jabari Smith Jr.,HOU,PF,57.0,4.4,9.9,0.438,7.0,1.1,0.4,0.7,12.2,1.1,12.6
165,Caris LeVert,multi_team,SG,64.0,4.4,9.4,0.467,3.2,3.4,0.9,0.5,12.1,1.2,15.2
166,Caris LeVert,CLE,SF,38.0,3.6,7.8,0.453,2.8,3.7,0.9,0.5,10.2,1.3,15.2
167,Caris LeVert,ATL,SG,26.0,5.6,11.6,0.482,3.7,2.9,0.9,0.5,14.9,1.0,15.2
168,Drew Timme,BRK,PF,9.0,5.0,11.3,0.441,7.2,2.2,0.4,0.1,12.1,1.7,11.0
169,Tari Eason,HOU,PF,57.0,4.8,9.8,0.487,6.4,1.5,1.7,0.9,12.0,1.1,18.5
170,Rudy Gobert,MIN,C,72.0,4.7,7.1,0.669,10.9,1.8,0.8,1.4,12.0,1.2,18.3
171,Aaron Nesmith,IND,SF,45.0,4.3,8.4,0.507,4.0,1.2,0.8,0.4,12.0,0.8,14.6
172,Aaron Wiggins,OKC,SG,76.0,4.7,9.6,0.488,3.9,1.8,0.8,0.2,12.0,0.9,16.1
173,Khris Middleton,multi_team,SF,37.0,4.3,9.1,0.475,3.7,4.1,0.9,0.2,11.9,1.5,16.7
174,Khris Middleton,MIL,SF,23.0,4.7,9.2,0.512,3.7,4.4,0.7,0.2,12.6,1.6,16.7
175,Khris Middleton,WAS,SF,14.0,3.7,9.0,0.413,3.7,3.4,1.3,0.2,10.7,1.4,16.7
176,Jalen Duren,DET,C,78.0,4.8,7.0,0.692,10.3,2.7,0.7,1.1,11.8,1.7,21.4
177,Donte DiVincenzo,MIN,SG,62.0,4.0,9.6,0.422,3.7,3.6,1.2,0.3,11.7,1.6,14.1
178,Brandin Podziemski,GSW,SG,64.0,4.4,9.8,0.445,5.1,3.4,1.1,0.2,11.7,1.2,14.4
179,Corey Kispert,WAS,SF,61.0,4.2,9.3,0.451,3.0,1.7,0.4,0.2,11.6,1.0,11.0
180,Jeremy Sochan,SAS,PF,54.0,4.6,8.7,0.535,6.5,2.4,0.8,0.5,11.4,1.6,15.9
181,Toumani Camara,POR,PF,78.0,4.2,9.2,0.458,5.8,2.2,1.5,0.6,11.3,1.4,12.5
182,Isaiah Hartenstein,OKC,C,57.0,4.9,8.4,0.581,10.7,3.8,0.8,1.1,11.2,1.7,18.9
183,Buddy Hield,GSW,SG,82.0,4.0,9.6,0.417,3.2,1.6,0.8,0.3,11.1,1.1,12.3
184,Jrue Holiday,BOS,PG,62.0,4.1,9.2,0.443,4.3,3.9,1.1,0.4,11.1,1.2,13.5
185,Walker Kessler,UTA,C,58.0,4.8,7.2,0.663,12.2,1.7,0.6,2.4,11.1,1.5,20.0
186,Gary Trent Jr.,MIL,SG,74.0,3.8,8.9,0.431,2.3,1.2,1.0,0.1,11.1,0.6,11.7
187,Spencer Dinwiddie,DAL,PG,79.0,3.6,8.6,0.416,2.6,4.4,0.9,0.2,11.0,1.3,13.0
188,Tim Hardaway Jr.,DET,SG,77.0,3.6,8.8,0.406,2.4,1.6,0.5,0.1,11.0,0.6,9.8
189,Duncan Robinson,MIA,SF,74.0,3.9,9.0,0.437,2.3,2.4,0.5,0.1,11.0,1.2,11.8
190,Guerschon Yabusele,PHI,C,70.0,4.0,8.0,0.501,5.6,2.1,0.8,0.3,11.0,1.2,14.7
191,Brice Sensabaugh,UTA,SF,71.0,3.9,8.4,0.459,3.0,1.5,0.6,0.1,10.9,1.5,13.4
192,Bogdan Bogdanović,multi_team,SG,54.0,3.9,9.1,0.427,2.9,2.7,0.8,0.2,10.8,1.4,11.1
193,Bogdan Bogdanović,ATL,SG,24.0,3.5,9.3,0.371,2.8,2.0,0.8,0.3,10.0,1.5,11.1
194,Bogdan Bogdanović,LAC,SG,30.0,4.2,8.9,0.474,3.1,3.2,0.7,0.2,11.4,1.2,11.1
195,Jordan Hawkins,NOP,SG,56.0,3.7,9.9,0.372,2.8,1.2,0.5,0.4,10.8,1.0,9.6
196,Brandon Boston Jr.,NOP,SG,42.0,4.0,9.1,0.436,3.2,2.2,1.3,0.2,10.7,1.2,12.7
197,Nikola Jović,MIA,PF,46.0,3.7,8.2,0.456,3.9,2.8,0.8,0.3,10.7,1.3,13.8
198,Grayson Allen,PHO,SG,64.0,3.4,7.6,0.448,3.0,2.1,0.8,0.3,10.6,1.2,13.7
199,Keon Johnson,BRK,SG,79.0,3.8,9.9,0.389,3.8,2.2,1.0,0.4,10.6,1.5,10.4
200,Terry Rozier,MIA,PG,64.0,3.9,9.9,0.391,3.7,2.6,0.6,0.2,10.6,1.2,10.5
201,Obi Toppin,IND,PF,79.0,4.0,7.6,0.529,4.0,1.6,0.6,0.4,10.5,0.9,17.4
202,Jonas Valančiūnas,multi_team,C,81.0,4.3,7.7,0.55,7.7,2.0,0.5,0.6,10.4,1.5,20.8
203,Jonas Valančiūnas,WAS,C,49.0,4.7,8.6,0.547,8.2,2.2,0.4,0.6,11.5,1.8,20.8
204,Jonas Valančiūnas,SAC,C,32.0,3.6,6.4,0.556,7.0,1.8,0.5,0.6,8.7,1.0,20.8
205,Ochai Agbaji,TOR,SG,64.0,4.2,8.3,0.498,3.8,1.5,0.9,0.5,10.4,0.8,12.0
206,Jaylen Wells,MEM,SG,79.0,3.6,8.6,0.425,3.4,1.7,0.6,0.1,10.4,0.9,10.5
207,Grant Williams,CHO,PF,16.0,3.4,7.7,0.439,5.1,2.3,1.1,0.8,10.4,1.8,11.5
208,Kevin Porter Jr.,multi_team,SG,75.0,3.9,8.7,0.449,3.7,3.4,1.1,0.2,10.3,1.8,15.4
209,Kevin Porter Jr.,LAC,SG,45.0,3.8,9.0,0.423,3.6,3.2,1.0,0.2,9.3,1.9,15.4
210,Kevin Porter Jr.,MIL,SG,30.0,4.0,8.2,0.494,3.9,3.7,1.3,0.1,11.7,1.7,15.4
211,Jose Alvarado,NOP,PG,56.0,3.6,9.3,0.392,2.4,4.6,1.3,0.3,10.3,1.5,13.4
212,Nic Claxton,BRK,C,70.0,4.6,8.1,0.563,7.4,2.2,0.9,1.4,10.3,1.2,16.5
213,Herbert Jones,NOP,SF,20.0,3.8,8.6,0.436,3.9,3.3,1.9,0.5,10.3,1.8,10.4
214,De'Anthony Melton,GSW,SG,6.0,3.7,9.0,0.407,3.3,2.8,1.2,0.3,10.3,1.7,13.3
215,Isaiah Joe,OKC,SG,74.0,3.5,7.9,0.44,2.6,1.6,0.6,0.1,10.2,0.5,14.0
216,Tyus Jones,PHO,PG,81.0,3.8,8.4,0.448,2.4,5.3,0.9,0.1,10.2,1.1,14.5
217,Trendon Watford,BRK,PF,44.0,3.7,8.0,0.469,3.6,2.6,0.6,0.3,10.2,1.9,13.0
218,Keion Brooks Jr.,NOP,SF,14.0,3.8,7.8,0.486,4.1,0.9,0.7,0.7,10.1,0.9,12.8
219,Luguentz Dort,OKC,SF,71.0,3.6,8.4,0.435,4.1,1.6,1.1,0.5,10.1,0.7,11.3
220,Justin Edwards,PHI,SF,44.0,3.9,8.6,0.455,3.4,1.6,1.0,0.4,10.1,1.1,11.3
221,Derrick Jones Jr.,LAC,SF,77.0,4.0,7.6,0.526,3.4,0.8,1.0,0.4,10.1,0.9,13.5
222,Ausar Thompson,DET,SF,59.0,4.2,7.8,0.535,5.1,2.3,1.7,0.7,10.1,1.4,17.2
223,Chris Boucher,TOR,PF,50.0,3.6,7.4,0.492,4.5,0.7,0.5,0.5,10.0,0.6,18.7
224,Andrew Nembhard,IND,SG,65.0,3.8,8.3,0.458,3.3,5.0,1.2,0.2,10.0,1.7,11.7
225,Ziaire Williams,BRK,SF,63.0,3.4,8.3,0.412,4.6,1.3,1.0,0.4,10.0,1.1,11.9
226,Kevin Huerter,multi_team,SG,69.0,3.7,8.8,0.425,3.0,2.3,1.0,0.3,9.9,1.0,11.3
227,Kevin Huerter,SAC,SG,43.0,3.0,7.2,0.413,2.8,1.7,0.8,0.4,7.9,0.9,11.3
228,Kevin Huerter,CHI,SG,26.0,5.0,11.3,0.439,3.3,3.2,1.2,0.3,13.2,1.2,11.3
229,Georges Niang,multi_team,PF,79.0,3.6,7.8,0.461,3.4,1.4,0.4,0.2,9.9,1.0,11.2
230,Georges Niang,CLE,PF,51.0,3.3,6.8,0.477,3.7,1.3,0.3,0.1,8.7,0.9,11.2
231,Georges Niang,ATL,PF,28.0,4.3,9.7,0.441,3.0,1.6,0.4,0.3,12.1,1.2,11.2
232,Julian Champagnie,SAS,SF,82.0,3.4,8.1,0.415,3.9,1.4,0.7,0.4,9.9,0.9,12.2
233,Scotty Pippen Jr.,MEM,PG,79.0,3.6,7.5,0.48,3.3,4.4,1.3,0.4,9.9,1.7,15.8
234,Nick Smith Jr.,CHO,SG,60.0,3.7,9.5,0.391,2.1,2.4,0.3,0.1,9.9,1.4,8.3
235,Bub Carrington,WAS,PG,82.0,3.7,9.1,0.401,4.2,4.4,0.7,0.3,9.8,1.7,9.0
236,Moses Moody,GSW,SG,74.0,3.3,7.7,0.433,2.6,1.3,0.8,0.4,9.8,0.7,12.4
237,Amir Coffey,LAC,SG,72.0,3.3,7.1,0.471,2.2,1.1,0.6,0.1,9.7,0.6,11.2
238,Max Christie,multi_team,SG,78.0,3.2,7.6,0.427,3.3,1.9,0.8,0.4,9.6,1.1,10.4
239,Max Christie,LAL,SG,46.0,2.8,6.3,0.444,2.7,1.4,0.8,0.5,8.5,0.8,10.4
240,Max Christie,DAL,SG,32.0,3.9,9.4,0.411,4.2,2.5,0.9,0.3,11.2,1.5,10.4
241,Kyle Filipowski,UTA,C,72.0,3.6,7.2,0.502,6.1,1.9,0.7,0.3,9.6,1.4,14.9
242,Tosan Evbuomwan,BRK,SF,28.0,3.4,7.9,0.427,4.3,2.0,0.9,0.4,9.5,1.4,11.6
243,Miles McBride,NYK,PG,64.0,3.5,8.5,0.406,2.5,2.9,1.0,0.3,9.5,0.6,12.6
244,Jalen Wilson,BRK,PF,79.0,3.1,7.8,0.397,3.4,1.8,0.5,0.1,9.5,1.0,9.5
245,Nickeil Alexander-Walker,MIN,SG,82.0,3.3,7.5,0.438,3.2,2.7,0.6,0.4,9.4,1.2,11.6
246,Cole Anthony,ORL,PG,67.0,3.4,8.1,0.424,3.0,2.9,0.7,0.5,9.4,1.5,14.2
247,Anthony Black,ORL,PG,78.0,3.4,7.9,0.423,2.9,3.1,1.1,0.6,9.4,1.8,11.6
248,Max Strus,CLE,SF,50.0,3.3,7.5,0.442,4.3,3.2,0.5,0.2,9.4,1.1,12.6
249,Tristan Vukcevic,WAS,C,35.0,3.4,6.9,0.496,3.7,1.1,0.3,0.7,9.4,1.2,17.8
250,Cam Whmulti_teamore,HOU,SF,51.0,3.5,7.9,0.444,3.0,1.0,0.6,0.3,9.4,0.9,15.5
251,Nick Richards,multi_team,C,57.0,3.6,6.1,0.591,8.2,0.9,0.2,1.0,9.3,1.4,16.6
252,Nick Richards,CHO,C,21.0,3.0,5.4,0.561,7.5,1.3,0.3,1.2,8.9,1.6,16.6
253,Nick Richards,PHO,C,36.0,3.9,6.5,0.605,8.6,0.6,0.2,0.8,9.5,1.3,16.6
254,Kel'el Ware,MIA,C,64.0,4.0,7.3,0.554,7.4,0.9,0.6,1.1,9.3,0.9,17.4
255,Zach Edey,MEM,C,66.0,3.8,6.6,0.58,8.3,1.0,0.5,1.3,9.2,1.3,18.2
256,Wendell Carter Jr.,ORL,C,68.0,3.3,7.2,0.46,7.2,2.0,0.8,0.6,9.1,1.1,13.7
257,Noah Clowney,BRK,PF,46.0,2.9,8.1,0.358,3.9,0.9,0.5,0.5,9.1,1.0,9.2
258,Dalton Knecht,LAL,SF,78.0,3.3,7.1,0.461,2.8,0.8,0.3,0.1,9.1,0.5,12.7
259,A.J. Lawson,TOR,SG,26.0,3.1,7.3,0.421,3.3,1.2,0.5,0.2,9.1,0.6,12.7
260,T.J. McConnell,IND,PG,79.0,4.1,7.9,0.519,2.4,4.4,1.1,0.3,9.1,1.4,18.4
261,Yves Missi,NOP,C,73.0,3.7,6.7,0.547,8.2,1.4,0.5,1.3,9.1,1.1,15.4
262,Royce O'Neale,PHO,SF,75.0,3.2,7.6,0.423,4.7,2.2,0.9,0.5,9.1,0.9,12.6
263,Jared Butler,multi_team,SG,60.0,3.4,7.6,0.448,1.8,3.7,0.7,0.2,9.0,1.3,15.6
264,Jared Butler,WAS,PG,32.0,2.7,5.5,0.483,1.3,2.6,0.4,0.2,6.9,0.9,15.6
265,Jared Butler,PHI,SG,28.0,4.2,9.9,0.426,2.5,4.9,1.1,0.3,11.5,1.8,15.6
266,Marcus Smart,multi_team,PG,34.0,3.0,7.6,0.393,2.1,3.2,1.1,0.3,9.0,1.6,12.4
267,Marcus Smart,MEM,PG,19.0,2.8,7.8,0.358,2.3,3.7,1.2,0.3,8.7,1.8,12.4
268,Marcus Smart,WAS,PG,15.0,3.2,7.3,0.44,1.9,2.5,1.1,0.2,9.3,1.3,12.4
269,Draymond Green,GSW,PF,68.0,3.2,7.5,0.424,6.1,5.6,1.5,1.0,9.0,2.6,12.4
270,Killian Hayes,BRK,PG,6.0,3.0,7.2,0.419,3.0,5.2,0.7,0.7,9.0,1.5,12.7
271,Al Horford,BOS,C,60.0,3.3,7.7,0.423,6.2,2.1,0.6,0.9,9.0,0.8,12.9
272,Julian Strawther,DEN,SG,65.0,3.2,7.5,0.432,2.2,1.3,0.6,0.2,9.0,0.9,9.5
273,Patrick Williams,CHI,PF,63.0,3.3,8.2,0.397,3.8,2.0,0.8,0.5,9.0,1.4,9.0
274,Jusuf Nurkić,multi_team,C,51.0,3.3,6.9,0.477,7.8,2.3,0.8,0.7,8.9,1.9,15.2
275,Jusuf Nurkić,PHO,C,25.0,3.0,6.5,0.454,9.2,1.9,0.9,0.6,8.6,2.3,15.2
276,Jusuf Nurkić,CHO,C,26.0,3.6,7.3,0.497,6.5,2.6,0.7,0.7,9.2,1.5,15.2
277,Clint Capela,ATL,C,55.0,4.0,7.1,0.559,8.5,1.1,0.6,1.0,8.9,0.9,17.7
278,Johnny Juzang,UTA,SG,64.0,3.2,7.4,0.429,2.9,1.1,0.6,0.1,8.9,0.6,11.8
279,Luke Kennard,MEM,SG,65.0,3.2,6.6,0.478,2.8,3.3,0.8,0.1,8.9,1.1,13.6
280,Justin Champagnie,WAS,SF,62.0,3.4,6.6,0.511,5.7,1.0,1.0,0.6,8.8,0.9,15.7
281,Svi Mykhailiuk,UTA,SF,38.0,3.1,7.9,0.391,2.4,2.0,0.5,0.2,8.8,1.4,9.8
282,Chris Paul,SAS,PG,82.0,3.0,7.1,0.427,3.6,7.4,1.3,0.3,8.8,1.6,14.7
283,Kelly Olynyk,multi_team,C,44.0,3.0,6.1,0.5,4.7,2.9,0.8,0.4,8.7,1.7,14.9
284,Kelly Olynyk,TOR,C,24.0,2.5,4.9,0.5,3.7,2.3,0.7,0.3,7.1,1.5,14.9
285,Kelly Olynyk,NOP,C,20.0,3.8,7.5,0.5,5.9,3.6,0.9,0.6,10.7,2.1,14.9
286,Dorian Finney-Smith,multi_team,PF,63.0,3.1,6.9,0.448,3.9,1.4,0.9,0.4,8.7,0.9,10.1
287,Dorian Finney-Smith,BRK,PF,20.0,3.7,8.0,0.459,4.6,1.6,0.9,0.6,10.4,0.9,10.1
288,Dorian Finney-Smith,LAL,PF,43.0,2.8,6.4,0.442,3.6,1.4,0.9,0.3,7.9,0.9,10.1
289,Oshae Brissett,PHI,SF,6.0,3.2,6.5,0.487,3.7,0.7,0.7,0.5,8.7,1.3,9.8
290,Kentavious Caldwell-Pope,ORL,SG,77.0,3.1,7.1,0.439,2.2,1.8,1.3,0.4,8.7,0.8,9.9
291,Isaiah Collier,UTA,PG,71.0,3.3,7.8,0.422,3.3,6.3,0.9,0.2,8.7,2.9,9.7
292,Dante Exum,DAL,PG,20.0,3.2,6.7,0.478,1.7,2.8,0.6,0.2,8.7,1.1,13.6
293,Kyshawn George,WAS,SG,68.0,3.0,8.0,0.372,4.2,2.5,1.0,0.7,8.7,1.4,8.8
294,Jaden Hardy,DAL,SG,57.0,3.2,7.3,0.435,1.6,1.4,0.5,0.1,8.7,1.4,10.4
295,Dereck Lively II,DAL,C,36.0,3.7,5.3,0.702,7.5,2.4,0.6,1.6,8.7,1.1,20.1
296,Tyrese Martin,BRK,SG,60.0,3.2,7.8,0.406,3.7,2.0,0.6,0.2,8.7,1.2,10.9
297,Matas Buzelis,CHI,SF,80.0,3.2,6.9,0.454,3.5,1.0,0.4,0.9,8.6,0.9,12.5
298,Jaime Jaquez Jr.,MIA,SF,66.0,3.2,7.0,0.461,4.4,2.5,0.9,0.2,8.6,1.5,14.3
299,Ja'Kobe Walter,TOR,SG,52.0,3.1,7.6,0.405,3.1,1.6,0.8,0.2,8.6,1.0,10.8
300,Sam Hauser,BOS,PF,71.0,3.0,6.7,0.451,3.2,0.9,0.6,0.2,8.5,0.3,12.8
301,Larry Nance Jr.,ATL,PF,24.0,3.3,6.5,0.516,4.3,1.6,0.8,0.5,8.5,0.7,16.0
302,Jared Rhoden,multi_team,SG,14.0,3.0,6.2,0.483,3.0,1.1,0.7,0.1,8.4,0.6,16.4
303,Jared Rhoden,CHO,SG,4.0,0.5,2.0,0.25,1.0,0.5,0.3,0.0,1.0,0.3,16.4
304,Jared Rhoden,TOR,SG,10.0,4.0,7.9,0.506,3.8,1.4,0.9,0.2,11.4,0.8,16.4
305,Jaylen Nowell,NOP,SG,8.0,3.3,9.1,0.356,2.5,2.3,0.1,0.5,8.4,1.0,7.5
306,Cason Wallace,OKC,SG,68.0,3.4,7.2,0.474,3.4,2.5,1.8,0.5,8.4,0.9,12.3
307,Bruce Brown,multi_team,PG,41.0,3.2,7.5,0.421,4.0,2.0,0.8,0.2,8.3,1.0,10.9
308,Bruce Brown,TOR,PG,18.0,3.2,7.3,0.435,3.8,1.6,0.9,0.2,8.4,1.1,10.9
309,Bruce Brown,NOP,PG,23.0,3.2,7.7,0.41,4.2,2.4,0.7,0.3,8.2,0.9,10.9
310,Dalano Banton,POR,PG,67.0,3.0,7.6,0.391,2.0,2.4,0.6,0.5,8.3,1.3,12.9
311,Brandon Clarke,MEM,PF,64.0,3.7,5.9,0.621,5.1,1.0,0.8,0.6,8.3,0.6,17.6
312,Keon Ellis,SAC,SG,80.0,2.8,5.8,0.489,2.7,1.5,1.5,0.8,8.3,0.9,13.5
313,Brandon Williams,DAL,PG,33.0,3.0,5.7,0.521,1.8,2.3,0.7,0.2,8.3,1.2,18.3
314,Mike Conley,MIN,PG,71.0,2.6,6.6,0.4,2.6,4.5,1.1,0.2,8.2,1.1,13.3
315,Taurean Prince,MIL,SF,80.0,2.9,6.4,0.457,3.6,1.9,1.0,0.2,8.2,1.0,9.8
316,Jalen Smith,CHI,C,64.0,3.0,6.4,0.466,5.6,1.0,0.3,0.7,8.2,0.6,18.7
317,Quinten Post,GSW,PF,42.0,2.9,6.5,0.449,3.5,1.3,0.4,0.4,8.1,0.8,14.2
318,Peyton Watson,DEN,SF,68.0,3.0,6.3,0.477,3.4,1.4,0.7,1.4,8.1,0.8,11.4
319,Davion Mitchell,multi_team,PG,74.0,3.0,6.4,0.468,2.3,4.9,1.0,0.2,7.9,1.7,10.2
320,Davion Mitchell,TOR,PG,44.0,2.4,5.5,0.434,1.9,4.6,0.7,0.2,6.3,1.8,10.2
321,Davion Mitchell,MIA,PG,30.0,3.9,7.7,0.504,2.7,5.3,1.4,0.3,10.3,1.7,10.2
322,Caleb Martin,multi_team,SF,45.0,2.9,6.8,0.424,3.9,2.1,1.0,0.5,7.9,1.2,9.6
323,Caleb Martin,PHI,SF,31.0,3.3,7.5,0.435,4.4,2.2,1.1,0.6,9.1,1.4,9.6
324,Caleb Martin,DAL,SF,14.0,2.0,5.1,0.389,2.9,1.9,0.9,0.2,5.4,0.9,9.6
325,Tyson Etienne,BRK,PG,7.0,2.4,7.4,0.327,1.3,1.7,0.4,0.1,7.9,1.1,5.6
326,Day'Ron Sharpe,BRK,C,50.0,3.3,6.3,0.521,6.6,1.8,0.8,0.8,7.9,1.3,19.7
327,KJ Simpson,CHO,PG,36.0,2.9,8.4,0.346,3.0,3.1,0.9,0.2,7.8,1.6,8.3
328,Terance Mann,multi_team,SG,67.0,3.1,6.2,0.496,3.0,1.8,0.7,0.2,7.7,0.7,12.0
329,Terance Mann,LAC,SG,37.0,2.4,5.3,0.446,2.9,1.6,0.8,0.3,6.0,0.7,12.0
330,Terance Mann,ATL,SG,30.0,3.9,7.3,0.541,3.1,2.1,0.6,0.1,9.8,0.7,12.0
331,Karlo Matković,NOP,PF,42.0,3.2,5.6,0.574,5.0,1.1,0.5,1.0,7.7,1.0,15.6
332,AJ Johnson,multi_team,SG,29.0,2.8,7.3,0.385,2.0,2.6,0.4,0.1,7.6,1.2,7.1
333,AJ Johnson,MIL,SG,7.0,1.1,2.7,0.421,1.0,1.0,0.1,0.0,2.9,0.6,7.1
334,AJ Johnson,WAS,SG,22.0,3.4,8.8,0.381,2.4,3.1,0.5,0.1,9.1,1.4,7.1
335,Lonzo Ball,CHI,PG,35.0,2.5,6.9,0.366,3.4,3.3,1.3,0.5,7.6,1.2,12.2
336,Oscar Tshiebwe,UTA,C,14.0,3.0,5.0,0.6,8.7,0.6,0.9,0.1,7.6,0.7,21.0
337,Garrison Mathews,ATL,SG,47.0,2.2,5.5,0.397,1.9,1.3,0.6,0.3,7.5,0.7,11.2
338,Matisse Thybulle,POR,SG,15.0,2.8,5.9,0.477,3.5,1.9,2.2,0.6,7.5,0.9,17.0
339,A.J. Green,MIL,SG,73.0,2.5,5.8,0.429,2.4,1.5,0.5,0.1,7.4,0.5,9.2
340,Josh Green,CHO,SG,68.0,2.6,6.2,0.428,2.5,1.6,1.1,0.2,7.4,1.0,7.8
341,Richaun Holmes,WAS,PF,31.0,2.9,4.5,0.647,5.7,1.4,0.3,0.7,7.4,0.7,19.8
342,Damion Baugh,CHO,SG,15.0,2.8,8.7,0.323,3.3,3.7,1.0,0.1,7.3,2.1,6.3
343,Alec Burks,MIA,SG,49.0,2.3,5.5,0.424,2.5,1.1,0.6,0.1,7.3,0.6,12.8
344,Ricky Council IV,PHI,SF,73.0,2.4,6.3,0.382,2.9,1.3,0.4,0.2,7.3,0.7,11.6
345,Andre Drummond,PHI,C,40.0,2.9,5.9,0.5,7.8,0.9,1.0,0.5,7.3,1.4,16.0
346,Tre Jones,multi_team,PG,46.0,2.8,5.2,0.538,2.5,4.2,0.8,0.2,7.2,0.8,16.3
347,Tre Jones,SAS,PG,28.0,1.6,3.3,0.484,2.1,3.7,0.6,0.2,4.4,0.8,16.3
348,Tre Jones,CHI,PG,18.0,4.6,8.1,0.572,3.2,4.9,1.1,0.3,11.5,0.8,16.3
349,Goga Bitadze,ORL,C,70.0,3.0,4.8,0.611,6.6,2.0,0.7,1.4,7.2,1.0,19.2
350,Tristan Da Silva,ORL,SF,74.0,2.7,6.5,0.412,3.3,1.5,0.4,0.2,7.2,0.8,9.9
351,GG Jackson II,MEM,PF,29.0,2.6,6.9,0.372,3.2,1.0,0.4,0.2,7.2,1.1,9.3
352,Vit Krejci,ATL,PG,57.0,2.5,5.1,0.497,2.7,2.6,0.6,0.5,7.2,0.9,12.7
353,Sam Merrill,CLE,SG,71.0,2.4,6.0,0.406,2.2,1.5,0.7,0.2,7.2,0.5,11.1
354,Daeqwon Plowden,ATL,SG,6.0,2.7,4.2,0.64,1.8,0.3,0.0,0.0,7.2,0.7,16.1
355,Nae'Qwan Tomlin,CLE,PF,5.0,2.6,6.4,0.406,4.2,0.4,0.0,0.2,7.2,0.4,14.4
356,Josh Okogie,multi_team,SG,40.0,2.4,5.3,0.443,2.8,0.8,1.2,0.5,7.1,0.8,16.3
357,Josh Okogie,PHO,SG,25.0,2.2,4.6,0.491,2.9,0.6,0.8,0.4,6.0,0.6,16.3
358,Josh Okogie,CHO,SG,15.0,2.5,6.5,0.388,2.7,1.3,1.8,0.5,8.9,1.0,16.3
359,Jalen Hood-Schifino,multi_team,SG,15.0,2.5,6.5,0.378,1.8,2.5,0.3,0.5,7.1,1.2,7.9
360,Jalen Hood-Schifino,LAL,SG,2.0,0.5,0.5,1.0,0.5,0.5,0.0,0.5,2.0,0.5,7.9
361,Jalen Hood-Schifino,PHI,SG,13.0,2.8,7.5,0.371,2.0,2.8,0.4,0.5,7.8,1.3,7.9
362,Jamison Battle,TOR,SF,59.0,2.5,5.9,0.429,2.7,0.9,0.3,0.2,7.1,0.5,10.7
363,Alex Caruso,OKC,SG,54.0,2.6,5.8,0.446,2.9,2.5,1.6,0.6,7.1,0.7,15.9
364,Jamal Shead,TOR,PG,75.0,2.7,6.7,0.405,1.5,4.2,0.8,0.1,7.1,1.6,9.9
365,Jeff Dowtin Jr.,PHI,PG,41.0,2.7,5.6,0.487,1.5,1.9,0.6,0.3,7.0,0.4,16.1
366,Marcus Garrett,CHO,SG,4.0,2.8,6.8,0.407,1.5,3.3,0.8,0.5,7.0,1.5,8.7
367,Isaiah Jackson,IND,C,5.0,2.8,4.6,0.609,5.6,1.0,0.6,1.6,7.0,1.0,18.2
368,Jaylen Sims,CHO,SG,6.0,2.0,4.7,0.429,1.0,2.0,0.5,0.2,7.0,1.3,9.8
369,Orlando Robinson,multi_team,C,44.0,2.6,5.9,0.444,5.0,1.8,0.4,0.4,6.9,1.1,12.9
370,Orlando Robinson,SAC,C,9.0,0.8,1.9,0.412,1.6,1.0,0.3,0.1,2.1,0.4,12.9
371,Orlando Robinson,TOR,C,35.0,3.1,7.0,0.447,5.9,1.9,0.4,0.4,8.1,1.3,12.9
372,Jake LaRavia,multi_team,PF,66.0,2.4,5.1,0.475,3.9,2.4,0.9,0.3,6.9,1.3,12.6
373,Jake LaRavia,MEM,PF,47.0,2.5,5.1,0.49,4.4,2.8,0.9,0.4,7.3,1.5,12.6
374,Jake LaRavia,SAC,PF,19.0,2.2,5.1,0.438,2.8,1.3,0.9,0.2,6.1,0.9,12.6
375,Ryan Dunn,PHO,SF,74.0,2.8,6.4,0.43,3.6,0.8,0.6,0.5,6.9,0.5,10.7
376,Jay Huff,MEM,C,64.0,2.5,4.8,0.515,2.0,0.6,0.3,0.9,6.9,0.5,18.2
377,Cameron Payne,NYK,PG,72.0,2.5,6.2,0.401,1.4,2.8,0.5,0.2,6.9,0.7,13.8
378,Antonio Reeves,NOP,SG,44.0,2.6,5.6,0.456,1.4,0.9,0.5,0.1,6.9,0.7,11.7
379,Cody Martin,multi_team,SF,53.0,2.6,6.1,0.418,4.2,2.0,1.1,0.6,6.8,1.0,11.3
380,Cody Martin,CHO,SF,39.0,3.0,6.9,0.433,4.5,2.3,1.1,0.7,7.8,1.1,11.3
381,Cody Martin,PHO,SF,14.0,1.4,4.1,0.351,3.4,1.1,0.9,0.4,3.7,0.6,11.3
382,Bol Bol,PHO,PF,36.0,2.7,5.1,0.525,2.9,0.6,0.3,0.7,6.8,0.6,18.4
383,Eric Gordon,PHI,SG,39.0,2.2,5.2,0.426,1.2,1.7,0.7,0.3,6.8,0.7,10.8
384,Jaxson Hayes,LAL,C,56.0,2.9,4.0,0.722,4.8,1.0,0.6,0.9,6.8,0.8,15.8
385,Marcus Bagley,PHI,SF,10.0,2.7,6.9,0.391,7.0,1.0,0.9,1.2,6.7,0.7,11.8
386,DaQuan Jeffries,CHO,SG,47.0,2.5,6.2,0.405,2.9,1.1,0.6,0.5,6.7,0.7,7.9
387,Lester Quiñones,multi_team,SG,13.0,2.4,6.0,0.397,1.5,1.8,0.2,0.2,6.6,1.1,9.5
388,Lester Quiñones,PHI,SG,4.0,1.0,2.0,0.5,1.0,0.3,0.0,0.0,2.3,1.0,9.5
389,Lester Quiñones,NOP,SG,9.0,3.0,7.8,0.386,1.7,2.6,0.3,0.2,8.6,1.1,9.5
390,Vasilije Micić,multi_team,PG,41.0,2.3,6.7,0.348,2.2,3.1,0.4,0.0,6.6,1.9,6.5
391,Vasilije Micić,CHO,PG,36.0,2.6,7.6,0.348,2.4,3.5,0.4,0.0,7.5,2.1,6.5
392,Vasilije Micić,PHO,PG,5.0,0.0,0.0,0,0.4,0.2,0.0,0.0,0.0,0.6,6.5
393,Precious Achiuwa,NYK,C,57.0,2.9,5.7,0.502,5.6,1.0,0.8,0.7,6.6,0.8,13.6
394,Trayce Jackson-Davis,GSW,C,62.0,2.8,4.9,0.576,5.0,1.7,0.4,0.6,6.6,0.7,18.5
395,Marcus Sasser,DET,PG,57.0,2.4,5.2,0.463,1.2,2.3,0.6,0.1,6.6,0.9,14.0
396,Vince Williams Jr.,MEM,SG,27.0,2.5,6.2,0.401,3.6,2.0,0.4,0.3,6.6,1.2,9.2
397,Thomas Bryant,multi_team,C,66.0,2.5,4.9,0.508,3.8,0.8,0.4,0.6,6.5,0.5,17.2
398,Thomas Bryant,MIA,C,10.0,1.2,2.8,0.429,3.2,0.4,0.1,0.9,4.1,0.2,17.2
399,Thomas Bryant,IND,C,56.0,2.7,5.2,0.515,3.9,0.9,0.5,0.6,6.9,0.5,17.2
400,Donovan Clingan,POR,C,67.0,2.7,5.0,0.539,7.9,1.1,0.5,1.6,6.5,1.1,17.4
401,Seth Curry,CHO,SG,68.0,2.4,5.0,0.478,1.7,0.9,0.4,0.1,6.5,0.5,12.2
402,Haywood Highsmith,MIA,SF,74.0,2.4,5.3,0.458,3.4,1.5,0.9,0.5,6.5,0.7,9.9
403,Talen Horton-Tucker,CHI,SG,58.0,2.3,5.0,0.457,1.7,1.4,0.4,0.2,6.5,0.7,13.8
404,Trey Lyles,SAC,PF,69.0,2.3,5.4,0.42,4.6,1.2,0.6,0.3,6.5,0.6,12.3
405,Ajay Mitchell,OKC,SG,36.0,2.5,5.1,0.495,1.9,1.8,0.7,0.1,6.5,0.8,12.0
406,Gary Payton II,GSW,SG,62.0,2.8,4.8,0.574,3.0,1.3,0.8,0.3,6.5,0.6,16.2
407,Zach Collins,multi_team,PF,64.0,2.4,4.7,0.507,4.5,1.7,0.5,0.5,6.4,0.9,16.0
408,Zach Collins,SAS,C,36.0,1.7,3.7,0.462,2.8,1.4,0.4,0.4,4.6,0.6,16.0
409,Zach Collins,CHI,PF,28.0,3.3,6.1,0.541,6.7,2.1,0.5,0.5,8.6,1.3,16.0
410,Kris Dunn,LAC,PG,74.0,2.6,5.9,0.439,3.4,2.8,1.7,0.4,6.4,1.0,11.3
411,Ron Holland,DET,SF,81.0,2.4,5.1,0.474,2.7,1.0,0.6,0.2,6.4,0.9,11.1
412,KJ Martin,multi_team,PF,43.0,2.6,4.7,0.552,2.9,1.1,0.4,0.5,6.4,0.6,10.2
413,KJ Martin,PHI,PF,24.0,2.5,4.1,0.616,3.0,0.8,0.5,0.7,6.4,0.5,10.2
414,KJ Martin,UTA,SF,19.0,2.6,5.4,0.49,2.8,1.5,0.3,0.3,6.3,0.6,10.2
415,Gabe Vincent,LAL,PG,72.0,2.3,5.8,0.4,1.3,1.4,0.7,0.2,6.4,0.6,7.4
416,Sandro Mamukelashvili,SAS,PF,61.0,2.3,4.6,0.502,3.1,0.8,0.4,0.3,6.3,0.4,19.7
417,Jeremiah Robinson-Earl,NOP,PF,66.0,2.4,5.3,0.455,4.8,1.3,0.6,0.1,6.3,0.8,12.9
418,Kenrich Williams,OKC,PF,69.0,2.5,5.1,0.483,3.5,1.4,0.6,0.1,6.3,0.6,13.7
419,Bones Hyland,multi_team,PG,24.0,2.0,4.9,0.398,1.0,1.3,0.8,0.2,6.2,1.0,16.0
420,Bones Hyland,LAC,PG,20.0,2.3,5.8,0.391,1.2,1.4,0.9,0.2,7.2,1.2,16.0
421,Bones Hyland,MIN,PG,4.0,0.5,0.8,0.667,0.3,1.0,0.0,0.0,1.3,0.3,16.0
422,Jonathan Mogbo,TOR,PF,63.0,2.5,5.7,0.438,4.9,2.3,0.9,0.5,6.2,1.1,11.9
423,Ryan Rollins,MIL,PG,56.0,2.4,4.8,0.487,1.9,1.9,0.8,0.3,6.2,0.9,14.0
424,Dru Smith,MIA,SG,14.0,2.2,4.4,0.508,2.6,1.6,1.5,0.4,6.2,1.2,13.3
425,Isaac Okoro,CLE,SG,55.0,2.3,4.9,0.464,2.4,1.2,0.6,0.3,6.1,0.4,10.7
426,Jarace Walker,IND,PF,75.0,2.3,4.8,0.472,3.1,1.5,0.7,0.3,6.1,1.0,11.9
427,N'Faly Dante,HOU,C,4.0,2.5,3.3,0.769,5.3,0.5,0.3,1.3,6.0,0.5,24.0
428,Mouhamed Gueye,ATL,PF,33.0,2.2,5.2,0.421,4.2,0.8,0.8,1.0,6.0,0.5,14.4
429,Luke Kornet,BOS,C,73.0,2.6,3.8,0.668,5.3,1.6,0.5,1.0,6.0,0.4,19.6
430,Isaiah Mobley,PHI,PF,1.0,2.0,7.0,0.286,4.0,5.0,1.0,1.0,6.0,0.0,17.2
431,Isaiah Stewart,DET,C,72.0,2.4,4.4,0.559,5.5,1.7,0.4,1.4,6.0,0.9,14.6
432,James Wiseman,IND,C,1.0,2.0,4.0,0.5,1.0,0.0,0.0,0.0,6.0,0.0,31.2
433,Isaiah Wong,CHO,SG,20.0,2.1,5.3,0.39,1.6,1.4,0.6,0.0,6.0,0.9,10.9
434,Cole Swider,multi_team,SF,10.0,2.2,6.3,0.349,2.7,0.3,0.4,0.2,5.9,0.4,6.5
435,Cole Swider,DET,SF,2.0,0.0,2.5,0.0,1.0,0.5,0.0,0.0,0.0,0.0,6.5
436,Cole Swider,TOR,SF,8.0,2.8,7.3,0.379,3.1,0.3,0.5,0.3,7.4,0.5,6.5
437,Chuma Okeke,multi_team,PF,9.0,2.2,4.4,0.5,5.2,1.7,0.6,0.4,5.9,0.3,15.3
438,Chuma Okeke,PHI,PF,7.0,2.6,4.7,0.545,6.1,1.9,0.7,0.4,6.9,0.4,15.3
439,Chuma Okeke,CLE,PF,2.0,1.0,3.5,0.286,2.0,1.0,0.0,0.5,2.5,0.0,15.3
440,Kyle Anderson,multi_team,PF,61.0,2.3,5.0,0.469,3.4,2.4,0.7,0.5,5.9,0.6,15.1
441,Kyle Anderson,GSW,PF,36.0,2.1,4.7,0.45,3.1,2.3,0.7,0.6,5.3,0.6,15.1
442,Kyle Anderson,MIA,SF,25.0,2.6,5.4,0.493,3.8,2.6,0.6,0.5,6.7,0.7,15.1
443,Simone Fontecchio,DET,SF,75.0,2.0,5.0,0.402,2.9,0.9,0.4,0.2,5.9,0.7,9.7
444,Collin Gillespie,PHO,PG,33.0,2.1,4.8,0.43,2.4,2.4,0.6,0.2,5.9,0.5,16.8
445,Tidjane Salaün,CHO,PF,60.0,1.9,5.8,0.33,4.7,1.2,0.5,0.2,5.9,1.0,7.7
446,Jaylin Williams,OKC,PF,47.0,2.1,4.7,0.439,5.6,2.6,0.5,0.6,5.9,0.7,16.4
447,Moses Brown,multi_team,C,13.0,2.6,3.8,0.694,3.4,0.2,0.5,0.3,5.8,0.8,22.4
448,Moses Brown,IND,C,9.0,1.4,2.2,0.65,1.4,0.0,0.2,0.1,3.2,0.7,22.4
449,Moses Brown,DAL,C,4.0,5.3,7.3,0.724,7.8,0.5,1.0,0.8,11.8,1.3,22.4
450,Adem Bona,PHI,C,58.0,2.3,3.3,0.703,4.2,0.5,0.4,1.2,5.8,1.1,16.5
451,Quenton Jackson,IND,PG,28.0,2.1,4.4,0.475,1.6,1.9,0.8,0.2,5.8,0.6,14.7
452,Robert Williams,POR,C,20.0,2.5,3.9,0.641,5.9,1.1,0.7,1.7,5.8,0.9,18.9
453,Moussa Diabaté,CHO,C,71.0,2.4,3.9,0.596,6.2,0.8,0.6,0.6,5.7,0.9,16.5
454,Dariq Whitehead,BRK,SF,20.0,2.0,4.8,0.406,1.5,0.6,0.3,0.1,5.7,0.8,9.4
455,Landry Shamet,NYK,SG,50.0,2.1,4.6,0.461,1.2,0.5,0.5,0.0,5.7,0.4,9.7
456,Jordan Goodwin,LAL,PG,29.0,2.2,5.0,0.438,3.9,1.4,1.0,0.4,5.6,0.9,12.1
457,Shake Milton,multi_team,SG,57.0,2.0,4.5,0.453,1.8,1.8,0.4,0.1,5.5,0.7,11.9
458,Shake Milton,BRK,SG,27.0,2.7,5.8,0.465,1.9,2.4,0.6,0.0,7.4,0.7,11.9
459,Shake Milton,LAL,SG,30.0,1.4,3.2,0.433,1.8,1.3,0.3,0.1,3.9,0.7,11.9
460,Aaron Holiday,HOU,PG,62.0,1.9,4.3,0.437,1.3,1.3,0.3,0.2,5.5,0.6,12.2
461,Jeff Green,HOU,PF,32.0,1.9,3.8,0.504,1.8,0.6,0.2,0.1,5.4,0.3,13.6
462,Jonathan Isaac,ORL,PF,71.0,1.9,4.6,0.414,4.4,0.6,0.9,1.1,5.4,0.5,16.6
463,Dean Wade,CLE,PF,59.0,1.9,4.6,0.413,4.2,1.3,0.7,0.3,5.4,0.4,10.1
464,Keaton Wallace,ATL,PG,31.0,2.1,5.2,0.401,1.6,2.6,0.9,0.3,5.4,1.1,10.1
465,Kobe Bufkin,ATL,SG,10.0,1.8,4.7,0.383,2.1,1.7,0.3,0.2,5.3,0.8,10.5
466,Jamal Cain,NOP,SF,37.0,1.8,4.3,0.43,2.3,0.6,0.6,0.2,5.3,0.6,11.4
467,Pat Connaughton,MIL,SG,41.0,2.0,4.3,0.469,2.7,1.7,0.2,0.3,5.3,0.6,12.1
468,Kevin Love,MIA,PF,23.0,1.8,5.0,0.357,4.1,1.0,0.7,0.2,5.3,0.6,16.2
469,Ben Sheppard,IND,SG,63.0,1.9,4.6,0.418,2.8,1.3,0.6,0.2,5.3,0.3,9.2
470,Monte Morris,PHO,PG,45.0,1.8,4.3,0.426,1.5,1.6,0.4,0.1,5.2,0.5,13.1
471,Jabari Walker,POR,SF,60.0,2.0,3.8,0.515,3.5,0.6,0.6,0.1,5.2,0.6,15.0
472,Javonte Green,multi_team,SG,68.0,1.8,4.2,0.429,3.2,0.8,1.0,0.5,5.1,0.5,10.7
473,Javonte Green,NOP,SG,50.0,2.0,4.5,0.446,3.6,0.9,1.1,0.6,5.8,0.6,10.7
474,Javonte Green,CLE,SG,18.0,1.3,3.5,0.365,2.2,0.6,0.6,0.1,3.3,0.2,10.7
475,Alex Reese,multi_team,PF,15.0,1.7,3.6,0.481,3.1,0.3,0.7,0.7,5.1,0.4,14.0
476,Alex Reese,OKC,PF,1.0,1.0,1.0,1.0,1.0,0.0,0.0,0.0,2.0,0.0,14.0
477,Alex Reese,PHI,PF,14.0,1.8,3.8,0.472,3.3,0.3,0.7,0.7,5.3,0.4,14.0
478,Bismack Biyombo,SAS,C,28.0,2.4,4.1,0.588,5.6,1.1,0.6,0.8,5.1,1.0,12.2
479,Mitchell Robinson,NYK,C,17.0,2.2,3.3,0.661,5.9,0.8,0.9,1.1,5.1,0.6,20.4
480,Kai Jones,multi_team,C,40.0,2.2,2.7,0.798,3.1,0.6,0.4,0.6,5.0,0.5,20.2
481,Kai Jones,LAC,C,28.0,0.9,1.3,0.722,1.6,0.4,0.2,0.5,2.2,0.4,20.2
482,Kai Jones,DAL,C,12.0,5.1,6.1,0.836,6.6,1.3,0.8,0.8,11.4,0.7,20.2
483,Ben Simmons,multi_team,PG,51.0,2.3,4.4,0.52,4.7,5.6,0.7,0.5,5.0,2.0,12.4
484,Ben Simmons,BRK,PG,33.0,2.8,5.2,0.547,5.2,6.9,0.8,0.5,6.2,2.7,12.4
485,Ben Simmons,LAC,PG,18.0,1.3,2.9,0.434,3.8,3.1,0.7,0.4,2.9,0.8,12.4
486,Malaki Branham,SAS,SG,47.0,1.9,4.0,0.458,1.1,0.8,0.2,0.0,5.0,0.7,12.0
487,Neemias Queta,BOS,C,62.0,2.1,3.3,0.65,3.8,0.7,0.3,0.7,5.0,0.6,16.3
488,Alondes Williams,DET,SG,1.0,2.0,2.0,1.0,0.0,1.0,0.0,0.0,5.0,0.0,53.4
489,Jaylen Martin,multi_team,SF,16.0,1.9,4.6,0.419,2.8,1.1,0.6,0.0,4.9,0.8,9.1
490,Jaylen Martin,BRK,SF,3.0,0.3,0.7,0.5,0.0,0.0,0.0,0.0,1.0,0.0,9.1
491,Jaylen Martin,WAS,SF,13.0,2.3,5.5,0.417,3.4,1.3,0.7,0.0,5.8,0.9,9.1
492,Lindy Waters III,multi_team,SG,52.0,1.8,4.8,0.369,2.1,1.0,0.5,0.2,4.9,0.4,8.8
493,Lindy Waters III,GSW,SG,38.0,2.0,5.4,0.371,2.5,1.1,0.6,0.3,5.5,0.4,8.8
494,Lindy Waters III,DET,SG,14.0,1.1,3.1,0.364,1.0,0.7,0.4,0.1,3.4,0.2,8.8
495,Trevelin Queen,ORL,SG,31.0,1.8,4.7,0.381,1.7,1.2,1.0,0.3,4.9,0.7,11.9
496,Jock Landale,HOU,C,42.0,1.9,3.6,0.533,3.3,0.9,0.3,0.2,4.8,0.5,16.0
497,Colin Castleton,multi_team,C,26.0,1.8,3.8,0.469,4.7,1.1,0.3,0.4,4.7,0.9,11.3
498,Colin Castleton,MEM,C,10.0,0.2,1.0,0.2,0.9,0.0,0.1,0.1,1.4,0.1,11.3
499,Colin Castleton,TOR,C,11.0,2.9,5.8,0.5,6.9,1.6,0.5,0.7,7.2,1.9,11.3
500,Colin Castleton,PHI,C,5.0,2.4,4.8,0.5,7.4,2.0,0.2,0.2,6.0,0.2,11.3
501,Taylor Hendricks,UTA,PF,3.0,1.3,6.0,0.222,5.0,0.7,1.7,1.3,4.7,0.7,7.1
502,David Roddy,multi_team,PF,33.0,1.7,3.8,0.456,2.5,1.1,0.4,0.3,4.6,0.7,11.9
503,David Roddy,ATL,PF,27.0,1.6,3.4,0.473,2.6,1.1,0.4,0.3,4.5,0.7,11.9
504,David Roddy,PHI,PF,3.0,2.7,6.3,0.421,3.0,1.0,0.7,0.0,6.0,0.3,11.9
505,David Roddy,HOU,PF,3.0,1.7,4.3,0.385,1.7,0.7,0.0,0.3,4.3,0.3,11.9
506,Drew Eubanks,multi_team,C,61.0,1.9,3.2,0.593,3.7,0.9,0.2,0.6,4.6,0.7,15.6
507,Drew Eubanks,UTA,C,37.0,2.4,3.9,0.607,4.5,1.2,0.3,0.9,5.8,0.8,15.6
508,Drew Eubanks,LAC,C,24.0,1.1,2.0,0.551,2.4,0.4,0.1,0.3,2.7,0.4,15.6
509,Pelle Larsson,MIA,SG,55.0,1.6,3.7,0.438,1.7,1.2,0.6,0.1,4.6,0.4,10.2
510,Julian Phillips,CHI,SF,79.0,1.6,3.6,0.446,2.1,0.5,0.5,0.3,4.6,0.3,10.2
511,Cody Williams,UTA,SG,50.0,1.7,5.1,0.323,2.3,1.2,0.5,0.3,4.6,0.9,3.7
512,Rob Dillingham,MIN,PG,49.0,1.9,4.3,0.441,1.0,2.0,0.4,0.0,4.5,1.1,10.2
513,Jett Howard,ORL,SF,60.0,1.6,4.4,0.374,1.2,0.7,0.2,0.2,4.5,0.6,7.1
514,Kevon Looney,GSW,C,76.0,1.9,3.7,0.514,6.1,1.6,0.6,0.5,4.5,0.5,17.0
515,Mason Plumlee,PHO,C,74.0,1.7,2.7,0.619,6.1,1.8,0.4,0.6,4.5,0.8,14.8
516,Dalen Terry,CHI,SG,73.0,1.6,3.7,0.448,1.7,1.3,0.6,0.2,4.5,0.7,9.6
517,Marvin Bagley III,multi_team,PF,31.0,1.8,3.4,0.519,2.7,0.4,0.3,0.3,4.4,0.4,18.4
518,Marvin Bagley III,WAS,C,19.0,2.0,3.7,0.535,2.9,0.4,0.4,0.3,4.9,0.6,18.4
519,Marvin Bagley III,MEM,PF,12.0,1.4,2.9,0.486,2.3,0.3,0.2,0.3,3.6,0.1,18.4
520,Charles Bassey,SAS,C,36.0,1.9,3.3,0.581,4.2,0.5,0.4,0.8,4.4,0.6,19.0
521,Tony Bradley,IND,C,14.0,2.1,3.2,0.644,3.0,0.4,0.1,0.6,4.4,0.4,23.2
522,Reggie Jackson,PHI,PG,31.0,1.7,4.3,0.391,1.4,1.5,0.5,0.1,4.4,0.5,9.8
523,Reed Sheppard,HOU,PG,52.0,1.6,4.6,0.351,1.5,1.4,0.7,0.3,4.4,0.7,9.7
524,Lamar Stevens,MEM,PF,17.0,1.7,3.7,0.46,2.2,0.5,0.3,0.2,4.4,0.6,11.5
525,Mo Bamba,multi_team,C,32.0,1.6,3.5,0.464,4.5,0.6,0.3,1.0,4.3,0.6,13.9
526,Mo Bamba,LAC,C,28.0,1.7,3.7,0.466,4.3,0.6,0.3,1.0,4.6,0.7,13.9
527,Mo Bamba,NOP,C,4.0,1.0,2.3,0.444,6.3,0.5,0.0,0.8,2.5,0.3,13.9
528,Jevon Carter,CHI,PG,36.0,1.5,4.1,0.377,1.1,1.1,0.4,0.1,4.3,0.3,12.2
529,Micah Potter,UTA,C,38.0,1.5,3.6,0.422,4.3,0.8,0.4,0.4,4.3,0.8,8.5
530,Terrence Shannon Jr.,MIN,SG,32.0,1.7,3.6,0.482,1.5,1.0,0.2,0.2,4.3,0.5,11.9
531,Daniel Theis,NOP,C,38.0,1.6,3.4,0.473,4.3,1.6,0.5,0.5,4.3,0.7,12.1
532,Torrey Craig,multi_team,SF,26.0,1.5,3.5,0.422,2.8,0.7,0.3,0.5,4.2,0.3,12.9
533,Torrey Craig,CHI,SF,9.0,2.4,5.0,0.489,2.8,0.6,0.2,0.1,6.9,0.0,12.9
534,Torrey Craig,BOS,SF,17.0,0.9,2.6,0.356,2.8,0.7,0.4,0.6,2.7,0.5,12.9
535,Wendell Moore Jr.,multi_team,SG,36.0,1.6,3.5,0.468,2.6,1.2,0.6,0.1,4.2,0.8,11.0
536,Wendell Moore Jr.,DET,SG,20.0,1.2,2.5,0.46,2.2,1.2,0.5,0.2,3.2,0.5,11.0
537,Wendell Moore Jr.,CHO,SG,16.0,2.3,4.8,0.474,3.2,1.2,0.6,0.1,5.4,1.1,11.0
538,Dominick Barlow,ATL,SF,35.0,1.7,3.2,0.531,2.4,0.5,0.3,0.5,4.2,0.1,14.6
539,Kessler Edwards,DAL,SF,40.0,1.7,3.4,0.496,2.9,1.1,0.5,0.5,4.2,0.4,11.3
540,Oso Ighodaro,PHO,PF,61.0,1.9,3.1,0.604,3.6,1.2,0.5,0.5,4.2,0.6,11.1
541,Kris Murray,POR,SF,69.0,1.7,4.0,0.419,2.6,1.0,0.5,0.2,4.2,0.6,9.1
542,Duop Reath,POR,C,46.0,1.5,3.6,0.422,2.0,0.6,0.3,0.3,4.2,0.3,13.7
543,Cam Spencer,MEM,SG,25.0,1.4,3.3,0.415,1.2,1.4,0.4,0.0,4.2,0.2,14.2
544,Maxwell Lewis,multi_team,SF,28.0,1.6,3.9,0.417,2.0,0.7,0.3,0.3,4.1,0.5,9.9
545,Maxwell Lewis,LAL,SF,7.0,0.3,0.9,0.333,0.3,0.3,0.1,0.0,0.6,0.3,9.9
546,Maxwell Lewis,BRK,SF,21.0,2.0,4.9,0.422,2.5,0.8,0.4,0.3,5.3,0.6,9.9
547,Jaylen Clark,MIN,SG,40.0,1.4,3.0,0.467,1.3,0.7,0.9,0.1,4.1,0.2,12.0
548,Caleb Houstan,ORL,SF,58.0,1.4,3.3,0.421,1.3,0.6,0.4,0.1,4.1,0.2,9.4
549,Jordan Miller,LAC,SF,37.0,1.6,3.6,0.433,1.6,0.9,0.5,0.1,4.1,0.7,10.5
550,Jalen Pickett,DEN,SG,49.0,1.6,3.7,0.428,1.4,2.2,0.4,0.1,4.1,0.5,10.9
551,Paul Reed,DET,C,45.0,1.6,3.2,0.507,2.7,1.0,0.9,0.6,4.1,0.6,18.6
552,Gui Santos,GSW,PF,56.0,1.5,3.2,0.458,3.1,1.4,0.4,0.2,4.1,0.8,11.7
553,Jarred Vanderbilt,LAL,PF,36.0,1.6,3.4,0.488,5.1,1.1,1.0,0.3,4.1,0.8,13.2
554,Colby Jones,multi_team,SG,39.0,1.5,3.3,0.457,2.2,1.1,0.7,0.3,4.0,0.6,11.4
555,Colby Jones,SAC,SG,24.0,0.5,1.1,0.423,1.0,0.3,0.3,0.3,1.1,0.3,11.4
556,Colby Jones,WAS,SG,15.0,3.2,6.9,0.466,4.3,2.5,1.3,0.4,8.7,1.1,11.4
557,Nicolas Batum,LAC,PF,78.0,1.3,3.1,0.437,2.8,1.1,0.7,0.5,4.0,0.4,10.3
558,Malachi Flynn,CHO,PG,4.0,1.3,3.3,0.385,1.8,1.8,0.8,0.0,4.0,1.0,12.4
559,Ron Harper Jr.,DET,SF,1.0,1.0,8.0,0.125,7.0,2.0,0.0,0.0,4.0,0.0,7.9
560,Josh Richardson,MIA,SG,8.0,1.4,4.8,0.289,1.5,1.5,1.0,0.1,4.0,1.0,4.4
561,Steven Adams,HOU,C,58.0,1.6,2.9,0.545,5.6,1.1,0.4,0.5,3.9,0.9,16.6
562,Kyle Lowry,PHI,PG,35.0,1.2,3.3,0.35,1.9,2.7,0.9,0.3,3.9,0.6,9.8
563,Olivier-Maxence Prosper,DAL,PF,52.0,1.3,3.3,0.402,2.4,0.8,0.5,0.1,3.9,0.3,12.6
564,Patty Mills,multi_team,PG,29.0,1.2,3.3,0.375,0.8,0.9,0.4,0.1,3.8,0.6,8.4
565,Patty Mills,UTA,PG,17.0,1.5,4.5,0.342,1.2,1.2,0.7,0.2,4.4,0.9,8.4
566,Patty Mills,LAC,PG,12.0,0.8,1.7,0.5,0.1,0.4,0.1,0.0,3.1,0.1,8.4
567,Branden Carlson,OKC,C,32.0,1.3,3.0,0.443,1.7,0.4,0.2,0.7,3.8,0.2,17.6
568,Devin Carter,SAC,PG,36.0,1.3,3.5,0.37,2.1,1.1,0.6,0.1,3.8,0.5,10.8
569,Ousmane Dieng,OKC,C,37.0,1.5,3.4,0.432,2.2,0.8,0.5,0.2,3.8,0.5,11.5
570,Markieff Morris,multi_team,PF,15.0,1.4,4.7,0.3,1.5,1.4,0.1,0.2,3.7,0.3,6.0
571,Markieff Morris,DAL,PF,7.0,0.7,3.1,0.227,1.1,0.6,0.1,0.1,1.7,0.3,6.0
572,Markieff Morris,LAL,PF,8.0,2.0,6.0,0.333,1.9,2.1,0.1,0.3,5.5,0.4,6.0
573,Emoni Bates,CLE,SF,10.0,1.3,3.8,0.342,0.7,0.8,0.1,0.1,3.7,0.2,9.8
574,DeAndre Jordan,DEN,C,56.0,1.6,2.5,0.65,5.1,0.9,0.3,0.5,3.7,0.7,15.4
575,Craig Porter Jr.,CLE,PG,51.0,1.4,2.7,0.514,1.3,1.4,0.3,0.3,3.7,0.7,13.1
576,Jackson Rowe,GSW,PF,6.0,1.3,2.8,0.471,1.8,0.7,0.7,0.0,3.7,0.2,15.9
577,Blake Wesley,SAS,SG,58.0,1.4,3.2,0.435,1.1,2.0,0.6,0.1,3.7,0.9,9.9
578,JT Thor,multi_team,PF,20.0,1.3,3.0,0.424,2.4,0.3,0.4,0.5,3.6,0.5,10.0
579,JT Thor,CLE,PF,9.0,1.0,1.7,0.6,0.7,0.1,0.2,0.3,3.1,0.7,10.0
580,JT Thor,WAS,PF,11.0,1.5,4.0,0.364,3.8,0.5,0.5,0.5,3.9,0.3,10.0
581,Baylor Scheierman,BOS,SG,31.0,1.3,3.5,0.355,2.1,1.1,0.5,0.1,3.6,0.4,10.3
582,Jae'Sean Tate,HOU,SF,52.0,1.3,2.8,0.473,2.3,0.9,0.5,0.1,3.6,0.4,12.3
583,Jaylon Tyson,CLE,SG,47.0,1.4,3.2,0.43,2.0,0.9,0.3,0.1,3.6,0.6,11.1
584,Elfrid Payton,multi_team,PG,24.0,1.7,5.1,0.328,3.3,6.9,1.0,0.5,3.5,2.5,8.5
585,Elfrid Payton,NOP,PG,18.0,2.1,5.6,0.366,3.7,8.1,1.0,0.4,4.4,2.9,8.5
586,Elfrid Payton,CHO,PG,6.0,0.5,3.5,0.143,2.2,3.3,1.0,0.5,1.0,1.2,8.5
587,Luka Garza,MIN,C,39.0,1.3,2.7,0.495,1.4,0.3,0.2,0.1,3.5,0.3,18.8
588,Cory Joseph,ORL,PG,50.0,1.2,3.1,0.403,1.5,1.4,0.5,0.1,3.5,0.4,10.9
589,Doug McDermott,SAC,SF,42.0,1.2,2.8,0.427,0.5,0.2,0.1,0.0,3.5,0.1,9.5
590,Dario Šarić,DEN,C,16.0,1.3,3.6,0.362,3.1,1.4,0.4,0.1,3.5,0.9,7.7
591,Jamaree Bouyea,MIL,PG,5.0,1.2,2.4,0.5,1.0,2.0,0.8,0.4,3.4,1.6,9.7
592,Bruno Fernando,TOR,C,17.0,1.5,2.9,0.531,3.0,1.1,0.2,0.5,3.4,0.8,15.3
593,Andre Jackson Jr.,MIL,SG,67.0,1.4,2.9,0.477,2.7,1.2,0.5,0.2,3.4,0.9,8.6
594,Isaac Jones,SAC,PF,40.0,1.4,2.1,0.651,1.4,0.3,0.1,0.3,3.4,0.4,15.2
595,Kevin Knox,GSW,SF,14.0,1.3,2.6,0.5,1.2,0.4,0.1,0.3,3.3,0.3,17.1
596,Damion Lee,PHO,SG,25.0,1.1,3.0,0.365,0.8,0.4,0.2,0.0,3.3,0.4,11.9
597,Jeenathan Williams,HOU,SG,20.0,1.4,3.1,0.435,0.7,0.5,0.4,0.2,3.3,0.7,8.6
598,Elijah Harkless,UTA,SG,10.0,1.1,3.5,0.314,2.1,0.8,1.0,0.1,3.2,0.3,7.8
599,Zeke Nnaji,DEN,PF,57.0,1.2,2.5,0.496,1.6,0.4,0.4,0.7,3.2,0.2,12.0
600,Cam Reddish,LAL,SF,33.0,1.2,2.8,0.404,2.0,0.7,1.0,0.3,3.2,0.4,7.4
601,Delon Wright,multi_team,PG,40.0,1.1,3.3,0.344,1.7,1.9,0.9,0.3,3.1,0.6,9.2
602,Delon Wright,MIL,PG,26.0,0.8,3.2,0.268,1.8,1.8,0.9,0.3,2.5,0.5,9.2
603,Delon Wright,NYK,PG,14.0,1.6,3.5,0.469,1.4,2.1,0.9,0.2,4.3,0.6,9.2
604,Kylor Kelley,multi_team,C,11.0,1.3,2.0,0.636,3.5,0.5,0.1,0.3,3.1,0.4,12.1
605,Kylor Kelley,DAL,C,8.0,1.3,1.6,0.769,2.6,0.3,0.0,0.3,3.0,0.1,12.1
606,Kylor Kelley,NOP,C,3.0,1.3,3.0,0.444,6.0,1.0,0.3,0.3,3.3,1.0,12.1
607,Gary Harris,ORL,SG,48.0,1.1,2.8,0.383,1.3,0.6,0.5,0.3,3.0,0.4,6.9
608,Maxi Kleber,DAL,PF,34.0,1.1,2.8,0.385,2.8,1.3,0.3,0.5,3.0,0.7,5.6
609,Taze Moore,POR,SG,2.0,1.0,5.0,0.2,4.0,0.5,1.0,0.0,3.0,1.0,7.1
610,Rayan Rupert,POR,SG,52.0,1.1,2.7,0.408,1.3,0.5,0.3,0.1,3.0,0.6,8.1
611,P.J. Tucker,NYK,SF,3.0,1.0,2.3,0.429,2.7,0.0,0.3,0.3,3.0,0.3,5.5
612,Pete Nance,multi_team,PF,13.0,1.1,2.5,0.438,1.6,0.8,0.2,0.2,2.9,0.3,8.5
613,Pete Nance,PHI,C,7.0,0.7,2.1,0.333,1.4,0.4,0.1,0.0,2.1,0.0,8.5
614,Pete Nance,MIL,PF,6.0,1.5,2.8,0.529,1.8,1.2,0.2,0.3,3.8,0.7,8.5
615,Markelle Fultz,SAC,PG,21.0,1.3,3.2,0.418,1.0,1.3,0.5,0.1,2.9,0.7,8.9
616,Taj Gibson,CHO,C,37.0,1.3,2.6,0.495,3.2,0.6,0.2,0.5,2.9,0.7,10.8
617,Tyler Smith,MIL,PF,23.0,1.0,2.2,0.48,1.1,0.2,0.1,0.2,2.9,0.3,15.2
618,RayJ Dennis,IND,PG,11.0,1.0,3.0,0.333,1.1,1.3,0.6,0.2,2.7,0.5,13.9
619,David Duke Jr.,SAS,SG,6.0,1.0,2.3,0.429,0.8,0.7,0.2,0.0,2.7,0.3,12.2
620,Keshad Johnson,MIA,SF,16.0,1.1,1.6,0.692,1.8,0.3,0.3,0.3,2.7,0.3,19.1
621,Reece Beekman,multi_team,PG,36.0,1.0,3.0,0.327,1.1,1.8,0.9,0.1,2.6,0.6,7.5
622,Reece Beekman,GSW,PG,2.0,0.5,0.5,1.0,0.5,0.5,0.5,0.0,1.0,0.0,7.5
623,Reece Beekman,BRK,PG,34.0,1.0,3.1,0.321,1.1,1.8,0.9,0.1,2.7,0.6,7.5
624,Jae Crowder,SAC,PF,9.0,0.8,2.4,0.318,2.2,0.7,0.3,0.0,2.6,0.4,6.6
625,Josh Minott,MIN,SF,46.0,1.0,2.0,0.489,1.0,0.4,0.3,0.3,2.6,0.2,15.5
626,Hunter Tyson,DEN,PF,51.0,0.9,2.4,0.375,1.5,0.4,0.2,0.1,2.6,0.3,9.0
627,Jaden Springer,multi_team,SG,43.0,0.8,2.1,0.389,1.3,0.8,0.6,0.1,2.5,0.4,10.7
628,Jaden Springer,BOS,SG,26.0,0.5,1.3,0.353,0.9,0.4,0.5,0.0,1.7,0.2,10.7
629,Jaden Springer,UTA,PG,17.0,1.4,3.3,0.411,2.0,1.4,0.7,0.2,3.8,0.7,10.7
630,Trey Jemison,multi_team,C,38.0,1.1,1.9,0.554,2.8,0.4,0.2,0.4,2.5,0.6,8.9
631,Trey Jemison,NOP,C,16.0,0.9,2.0,0.469,2.8,0.6,0.4,0.4,2.4,0.6,8.9
632,Trey Jemison,LAL,C,22.0,1.2,1.9,0.619,2.8,0.3,0.1,0.4,2.6,0.6,8.9
633,Anthony Gill,WAS,PF,51.0,0.8,1.7,0.489,1.3,0.3,0.2,0.0,2.5,0.2,10.2
634,Dillon Jones,OKC,SF,54.0,0.9,2.5,0.383,2.2,1.1,0.3,0.1,2.5,0.5,8.1
635,Pat Spencer,GSW,PG,39.0,1.1,2.6,0.406,1.2,1.2,0.4,0.1,2.5,0.5,12.6
636,Johnny Davis,WAS,SG,34.0,0.9,2.3,0.41,1.1,0.3,0.4,0.2,2.4,0.2,10.2
637,Christian Koloko,LAL,C,37.0,1.1,1.8,0.606,2.5,0.4,0.2,0.4,2.4,0.3,13.0
638,John Konchar,MEM,SG,46.0,0.9,2.0,0.451,3.3,0.9,0.7,0.3,2.4,0.3,12.1
639,MarJon Beauchamp,multi_team,SF,35.0,0.8,1.9,0.415,1.3,0.3,0.1,0.0,2.3,0.4,12.3
640,MarJon Beauchamp,MIL,SF,26.0,0.7,1.8,0.383,1.2,0.3,0.1,0.0,2.0,0.5,12.3
641,MarJon Beauchamp,LAC,SF,3.0,1.3,2.3,0.571,1.0,0.7,0.0,0.0,4.0,0.3,12.3
642,MarJon Beauchamp,NYK,SF,6.0,0.8,1.8,0.455,1.5,0.2,0.2,0.0,2.5,0.2,12.3
643,Bronny James,LAL,SG,27.0,0.8,2.5,0.313,0.7,0.8,0.3,0.1,2.3,0.5,7.1
644,Mason Jones,SAC,SG,10.0,0.9,1.8,0.5,0.9,1.1,0.0,0.1,2.3,0.1,20.6
645,Miles Norris,BOS,PF,3.0,0.7,3.0,0.222,3.0,0.0,0.7,0.3,2.3,0.0,8.5
646,Patrick Baldwin Jr.,multi_team,SF,24.0,0.8,1.5,0.543,1.0,0.1,0.1,0.1,2.2,0.2,16.2
647,Patrick Baldwin Jr.,WAS,SF,22.0,0.8,1.5,0.515,1.0,0.1,0.1,0.1,2.1,0.2,16.2
648,Patrick Baldwin Jr.,LAC,SF,2.0,1.0,1.0,1.0,1.5,0.5,0.0,0.0,3.0,0.0,16.2
649,Drew Peterson,BOS,PF,25.0,0.7,1.6,0.415,1.6,0.5,0.2,0.1,2.2,0.3,10.5
650,TyTy Washington Jr.,PHO,PG,16.0,0.9,2.8,0.311,0.8,1.0,0.2,0.0,2.2,0.2,6.5
651,Jordan McLaughlin,multi_team,PG,46.0,0.7,1.6,0.431,0.7,1.1,0.3,0.0,2.1,0.3,12.3
652,Jordan McLaughlin,SAC,PG,28.0,0.6,1.6,0.364,0.8,0.9,0.4,0.0,1.9,0.4,12.3
653,Jordan McLaughlin,SAS,PG,18.0,0.8,1.6,0.536,0.5,1.5,0.3,0.1,2.5,0.3,12.3
654,JD Davison,BOS,PG,16.0,0.8,2.1,0.353,0.8,0.8,0.3,0.1,2.1,0.8,6.5
655,Chris Duarte,CHI,SG,17.0,0.7,1.5,0.462,1.2,0.5,0.0,0.0,2.1,0.1,16.5
656,Enrique Freeman,IND,PF,22.0,0.7,1.7,0.432,1.4,0.4,0.1,0.1,2.1,0.3,7.4
657,Johnny Furphy,IND,SG,50.0,0.7,1.8,0.38,1.4,0.4,0.4,0.2,2.1,0.2,9.8
658,Dwight Powell,DAL,C,55.0,0.8,1.1,0.689,2.1,1.0,0.3,0.4,2.1,0.3,12.9
659,Josh Christopher,MIA,SG,14.0,0.8,2.2,0.355,0.6,0.6,0.4,0.2,2.0,0.4,9.4
660,Tyler Kolek,NYK,PG,41.0,0.7,2.0,0.329,0.7,1.7,0.3,0.1,2.0,0.4,10.3
661,Adama Sanogo,CHI,C,4.0,1.0,1.8,0.571,1.5,0.3,0.0,0.0,2.0,0.3,15.2
662,Kobe Brown,LAC,PF,40.0,0.8,1.8,0.458,1.6,0.6,0.2,0.1,1.9,0.3,10.8
663,Ariel Hukporti,NYK,C,25.0,0.8,1.2,0.677,2.0,0.4,0.0,0.6,1.9,0.8,7.6
664,Bobi Klimulti_teaman,DET,SF,8.0,0.8,1.3,0.6,0.9,0.9,0.3,0.1,1.9,0.1,15.9
665,Garrett Temple,TOR,SG,28.0,0.6,2.1,0.3,1.0,1.1,0.6,0.1,1.9,0.4,8.5
666,Jericho Sims,multi_team,C,53.0,0.8,1.3,0.634,3.7,0.6,0.2,0.4,1.8,0.6,10.0
667,Jericho Sims,NYK,C,39.0,0.7,1.2,0.609,3.3,0.6,0.2,0.3,1.6,0.5,10.0
668,Jericho Sims,MIL,C,14.0,1.2,1.8,0.68,4.9,0.8,0.1,0.6,2.4,0.9,10.0
669,Vlatko Čančar,DEN,PF,13.0,0.8,2.0,0.385,2.5,0.7,0.2,0.2,1.8,0.8,4.6
670,Adam Flagler,OKC,SG,37.0,0.7,2.6,0.26,0.7,0.3,0.2,0.1,1.8,0.1,3.7
671,Trentyn Flowers,LAC,SF,6.0,0.7,1.8,0.364,0.7,0.0,0.0,0.0,1.8,0.2,4.3
672,E.J. Liddell,CHI,PF,12.0,0.7,1.3,0.533,0.8,0.3,0.1,0.1,1.8,0.2,11.1
673,Jahmir Young,CHI,PG,6.0,0.7,0.8,0.8,0.5,1.0,0.0,0.0,1.8,0.2,16.8
674,Pacome Dadiet,NYK,SG,18.0,0.6,1.7,0.323,1.0,0.3,0.2,0.1,1.7,0.2,6.3
675,Alex Ducas,OKC,SG,21.0,0.6,1.4,0.4,1.2,0.2,0.2,0.0,1.7,0.2,10.1
676,PJ Hall,DEN,C,19.0,0.7,1.3,0.583,1.2,0.2,0.0,0.2,1.7,0.1,18.3
677,Emanuel Miller,CHI,PF,6.0,0.7,1.3,0.5,1.3,0.3,0.2,0.0,1.7,0.0,18.1
678,Tristan Thompson,CLE,C,40.0,0.8,1.8,0.437,3.4,0.6,0.1,0.3,1.7,0.4,9.1
679,Alex Len,multi_team,C,46.0,0.7,1.4,0.508,2.1,0.8,0.2,0.5,1.6,0.4,10.6
680,Alex Len,SAC,C,36.0,0.6,1.1,0.537,1.8,0.8,0.2,0.5,1.4,0.3,10.6
681,Alex Len,LAL,C,10.0,1.0,2.2,0.455,3.1,0.8,0.1,0.3,2.2,0.9,10.6
682,Yuki Kawamura,MEM,PG,22.0,0.5,1.4,0.367,0.5,0.9,0.1,0.0,1.6,0.2,11.0
683,Jack McVeigh,HOU,PF,9.0,0.6,1.9,0.294,0.6,0.1,0.0,0.2,1.6,0.2,4.0
684,Armel Traoré,LAL,SF,9.0,0.7,2.1,0.316,1.7,0.1,0.4,0.2,1.6,0.3,3.5
685,Jordan Walsh,BOS,PF,52.0,0.6,1.6,0.361,1.3,0.4,0.2,0.2,1.6,0.3,6.9
686,Phillip Wheeler,PHI,PF,5.0,0.6,4.2,0.143,1.6,0.4,0.2,0.4,1.6,0.2,-2.3
687,Sidy Cissoko,multi_team,SF,22.0,0.6,1.4,0.433,1.0,0.7,0.1,0.0,1.5,0.5,6.7
688,Sidy Cissoko,SAS,SF,17.0,0.5,1.1,0.5,0.6,0.4,0.1,0.0,1.3,0.1,6.7
689,Sidy Cissoko,POR,SF,5.0,0.8,2.4,0.333,2.2,1.8,0.2,0.2,2.0,1.8,6.7
690,Jazian Gomulti_teaman,DAL,PG,16.0,0.6,1.4,0.391,0.3,0.4,0.1,0.1,1.5,0.3,6.5
691,Kevin McCullar Jr.,NYK,SF,4.0,0.5,1.8,0.286,2.0,0.5,0.3,0.3,1.5,0.0,6.7
692,Leonard Miller,MIN,SF,13.0,0.5,1.2,0.4,0.8,0.0,0.2,0.1,1.5,0.2,19.9
693,Quincy Olivari,LAL,PG,2.0,0.5,2.5,0.2,0.0,0.5,0.0,0.0,1.5,0.5,-5.2
694,Matt Ryan,NYK,SF,19.0,0.5,1.6,0.323,0.4,0.2,0.1,0.0,1.5,0.2,6.1
695,Jacob Toppin,multi_team,SF,17.0,0.5,1.3,0.409,0.9,0.4,0.1,0.0,1.4,0.2,9.2
696,Jacob Toppin,NYK,SF,16.0,0.2,0.6,0.3,0.7,0.3,0.1,0.0,0.4,0.1,9.2
697,Jacob Toppin,ATL,SF,1.0,6.0,12.0,0.5,4.0,2.0,0.0,0.0,17.0,1.0,9.2
698,Cam Christie,LAC,SG,13.0,0.5,1.8,0.292,0.9,0.5,0.4,0.1,1.4,0.2,9.1
699,Chris Livingston,MIL,SF,21.0,0.4,1.3,0.333,1.7,0.2,0.2,0.0,1.4,0.3,9.8
700,Trey Alexander,DEN,SG,24.0,0.5,1.7,0.317,0.5,0.5,0.1,0.0,1.3,0.2,2.9
701,Spencer Jones,DEN,SF,20.0,0.6,1.7,0.324,0.9,0.3,0.3,0.3,1.3,0.3,4.5
702,Skal Labissière,SAC,PF,4.0,0.5,1.0,0.5,0.8,0.3,0.0,0.0,1.3,0.0,15.9
703,Jalen Bridges,PHO,SF,8.0,0.3,0.9,0.286,0.5,0.0,0.0,0.0,1.1,0.5,-0.1
704,Yuri Collins,GSW,PG,2.0,0.5,1.5,0.333,1.5,2.0,1.0,0.0,1.0,0.0,13.9
705,Daniss Jenkins,DET,PG,7.0,0.4,1.4,0.3,0.3,0.4,0.0,0.0,1.0,0.1,-0.1
706,Braxton Key,GSW,SF,3.0,0.0,1.3,0.0,0.7,0.0,0.7,0.0,1.0,0.3,1.1
707,Bryce McGowens,POR,SG,13.0,0.3,1.1,0.286,0.2,0.2,0.1,0.0,1.0,0.3,1.7
708,Xavier Tillman Sr.,BOS,C,33.0,0.4,1.6,0.245,1.3,0.2,0.3,0.2,1.0,0.4,2.4
709,Luke Travers,CLE,SG,12.0,0.4,1.7,0.25,1.7,0.7,0.1,0.1,1.0,0.7,1.9
710,Isaiah Crawford,SAC,SF,15.0,0.3,0.7,0.455,0.5,0.1,0.1,0.1,0.9,0.1,9.2
711,Justin Minaya,POR,SF,19.0,0.4,1.1,0.381,0.5,0.4,0.3,0.1,0.9,0.3,5.0
712,Anton Watson,NYK,SF,9.0,0.4,1.0,0.444,0.3,0.2,0.1,0.0,0.9,0.2,5.9
713,D.J. Carton,TOR,SG,4.0,0.3,1.8,0.143,1.0,0.8,0.5,0.0,0.8,1.0,-2.6
714,PJ Dozier,MIN,SG,9.0,0.2,0.3,0.667,0.6,0.6,0.1,0.0,0.8,0.1,9.5
715,Joe Ingles,MIN,SF,19.0,0.3,1.2,0.261,0.6,1.2,0.1,0.0,0.8,0.5,2.4
716,Harrison Ingram,SAS,SF,5.0,0.4,0.8,0.5,1.8,0.6,0.6,0.0,0.8,0.2,10.9
717,Ulrich Chomche,TOR,PF,7.0,0.3,0.7,0.4,1.1,0.3,0.0,0.1,0.7,0.3,5.2
718,James Johnson,IND,PF,12.0,0.3,0.9,0.364,0.5,0.3,0.0,0.2,0.7,0.3,0.0
719,Liam Robbins,MIL,C,13.0,0.2,0.6,0.25,0.9,0.2,0.2,0.2,0.7,0.5,2.6
720,Stanley Umude,MIL,SG,22.0,0.2,1.2,0.192,0.8,0.2,0.1,0.3,0.7,0.1,3.4
721,Cui Yongxi,BRK,SG,5.0,0.2,1.4,0.143,0.4,0.0,0.0,0.0,0.6,0.0,-10.7
722,Tristen Newton,multi_team,SG,8.0,0.1,1.0,0.125,0.5,0.3,0.1,0.0,0.4,0.3,-6.1
723,Tristen Newton,IND,SG,5.0,0.2,1.2,0.167,0.0,0.2,0.0,0.0,0.6,0.2,-6.1
724,Tristen Newton,MIN,SG,3.0,0.0,0.7,0.0,1.3,0.3,0.3,0.0,0.0,0.3,-6.1
725,Malevy Leons,OKC,SF,6.0,0.0,0.3,0.0,0.5,0.2,0.0,0.0,0.3,0.2,-2.3
726,Daishen Nix,MIN,PG,3.0,0.0,0.3,0.0,1.3,1.0,0.0,0.0,0.3,1.3,-7.0
727,Terence Davis,SAC,SG,1.0,0.0,2.0,0.0,1.0,1.0,0.0,0.0,0.0,0.0,-4.0
728,Jesse Edwards,MIN,C,2.0,0.0,0.0,0,0.0,0.5,0.0,0.0,0.0,0.0,-0.1
729,Mac McClung,ORL,SG,2.0,0.0,1.0,0.0,0.5,1.5,0.0,0.0,0.0,0.0,-0.3
730,Jalen McDaniels,WAS,SF,4.0,0.0,0.0,0,0.0,0.3,0.3,0.0,0.0,0.0,10.9
731,Riley Minix,SAS,SF,1.0,0.0,1.0,0.0,2.0,0.0,0.0,0.0,0.0,0.0,-1.7
732,Jahlil Okafor,IND,C,1.0,0.0,0.0,0,1.0,1.0,0.0,0.0,0.0,0.0,13.8
733,Zyon Pullin,MEM,SG,3.0,0.0,0.3,0.0,0.0,0.0,0.0,0.0,0.0,0.0,-11.7
734,Isaiah Stevens,MIA,PG,3.0,0.0,0.7,0.0,0.7,0.0,0.3,0.0,0.0,0.0,0.1
735,Terry Taylor,SAC,PF,3.0,0.0,0.3,0.0,0.3,0.7,0.0,0.0,0.0,0.0,9.8

